id,van_ban,tu_vung,giai_nghia_chuan,nghia_tinh_gon,hinh_anh,am_thanh,video,minh_hoa_khac,tu_lien_quan,cau_minh_hoa,ghi_chu
1,Yêu cầu học sinh đọc nghĩa từ và xem các ví dụ minh họa trong ngữ cảnh.,sung sướng,"trạng thái vui vẻ, thích thú, cảm thấy được thoả mãn về vật chất hoặc tinh thần","rất vui vẻ, hài lòng",sung sướng. ảnh.jpg,,,,"nụ cười sung sướng
cuộc sống sung sướng","- Cả lớp sung sướng vì cuối tuần được đi trải cùng nhau.
- Bé sung sướng khi được đi chơi công viên.",
2,Yêu cầu học sinh đọc nghĩa từ và xem các ví dụ minh họa trong ngữ cảnh.,đâm chồi nảy lộc,mọc ra những mầm non,"cây mọc ra lá mới, ra hoa",,, TIMELAPSE ĐÂM CHỒI NẢY LỘC.mp4,,cây cối đâm chồi nảy lộc,"- Mùa xuân, cây cối dâm chồi nảy lộc",*
3,"Phân tích cùng học sinh 1–2 ví dụ: nghĩa từ, vị trí trong câu, sắc thái ngữ nghĩa.",đơm trái,mọc ra trái ngọt,mọc ra trái ngọt,đơm trái.png,,,,"đơm hoa kết trái
Ra quả
","- Hè về, cây cối đơm trái sai trĩu quả.",*
4,"Phân tích cùng học sinh 1–2 ví dụ: nghĩa từ, vị trí trong câu, sắc thái ngữ nghĩa.",tinh nghịch,"hay đùa nghịch một cách tinh ranh, láu lỉnh","hay đùa nghich, nghịch ngợm",tinh nghịch.png,,,,"cậu bé/ cô bé tinh nghịch
trò đùa tinh nghịch
đồng nghĩa: nghịch ngợm
tráii nghĩa: ngoan ngoãn",Em bé tinh nghịch chạy quanh nhà,
5,Đặt câu hỏi gợi mở để làm rõ cách dùng từ.,thiếu nhi,"trẻ em thuộc các lứa tuổi thiếu niên, nhi đồng",trẻ em từ 6 - 14 tuổi,thiếu nhi.png,,,,"Tết Thiếu nhi
các em thiếu nhi",Trung Thu là tết của thiếu nhi,
6,Đặt câu hỏi gợi mở để làm rõ cách dùng từ.,thủ thỉ,"nói nhỏ nhẹ, thong thả, vừa đủ để cho nhau nghe, thường là để thổ lộ tình cảm, tâm tình","nói nhỏ, nói nhẹ nhàng, chỉ để người bên cạnh nghe để thể hiện tình cảm, tâm sự",thủ thỉ.png,,,,"giọng thủ thỉ
thủ thỉ tâm sự
đồng nghĩa: nói nhỏ nhẹ
trái nghĩa: nói to","Mỗi tối, em đều thủ thỉ nói chuyện với mẹ
Giọng bà thủ thỉ bên tai em",
7,Tổng kết lại điểm chính về nghĩa và cách dùng.,bập bùng,"từ gợi tả vật cháy không đều, khi bốc cao, khi hạ thấp một cách nhịp nhàng","gợi tả ánh lửa cháy không đều, khi bốc cao, khi hạ thấp",,,  bập bùng. video.mp4,,"ngọn lửa bập bùng
bếp lửa bập bùng
ngọn đuốc bập bùng","Ánh lửa bập bùng thật ấm áp!
Ngọn đuốc bập bùng cháy trong đêm
",
8,Tổng kết lại điểm chính về nghĩa và cách dùng.,ấp ủ,"[1] ôm trong lòng và giữ cho được ấm
[2] nuôi giữ trong lòng một cách trân trọng","giữ gìn một điều tốt đẹp trong lòng, luôn nghĩ đến và yêu quý nó",,,https://drive.google.com/file/d/1-XDXQI9SZTZCweRLP7nljuOJCnmSzFEB/view?usp=drivesdk,,"dự định ấp ủ
ấp ủ hy vọng","Em ấp ủ ước mơ được trở thành cô giáo
Gà mẹ ấp ủ đàn con",
9,"Bài 2: 
Mùa nước nổi",nước nổi,"cách gọi địa phương chỉ hiện tượng lũ lụt tự nhiên ở Đồng bằng sông Cửu Long Việt Nam, thường bắt đầu từ tháng 7 âm lịch đến tháng 10 âm lịch"," hiện tượng lũ lụt tự nhiên ở Đồng bằng sông Cửu Long Việt Nam, còn gọi là nước lũ",,, nước nổi. video.mp4,,"mùa nước nổi Miền Tây
Đồng nghĩa: nước lũ","Tháng 8 là mùa nước nổi ở quê em
",
10,"Bài 2: 
Mùa nước nổi",hiền hòa,"từ chỉ tính cách nhẹ nhàng, dịu dàng, không nóng nảy, không xung đột, thường được dùng để miêu tả con người có tâm hồn bình yên, biết chia sẻ và tôn trọng người khác.","từ chỉ những người nhẹ nhàng, dịu dàng, biết chia sẻ và nhường nhịn người khác",,, hiền hoà.mp4,,"nụ cười hiền hòa
giọng nói  hiền hòa
dòng dông hiền hòa","- Cô ấy có một nụ cười hiền hòa rất dễ thương.
- Dòng sông chảy hiền hòa giữa hai bờ xanh mướt.",
11,"Bài 2: 
Mùa nước nổi",dầm dề,"[1] thấm nước nhiều và ướt khắp cả
[2] kéo dài liên miên","bị ướt nhiều vì nước;
xảy ra lâu, mãi không dừng lại",l,, dầm dề. video.mp4,,"mưa dầm dề: mưa lâu mãi không tạnh
ốm dầm dề: ốm mãi chưa khỏi","- Trời mưa dầm dề cả sáng
- bạn Mai bị ốm dầm dề từ tuần trước",
12,"Bài 2: 
Mùa nước nổi",sướt mướt,"[1] (khóc) nhiều và lâu không dứt, nước mắt đầm đìa, 
[2] có tác dụng gây tâm trạng buồn bã, yếu đuối và dai dẳng không dứt","từ chỉ trạng thái khóc nhiều, lâu không dứt, gây ra tâm trạng buồn bã kéo dài",,, sướt mướt.mp4,,"khóc sướt mướt
giọng ca sướt mướt","- Vì nhớ mẹ, em khóc sướt mướt cả buổi.
- Giọng hát của ca sĩ buồn sướt mướt",
13,"Bài 2: 
Mùa nước nổi",phù sa,"đất, cát mịn và có nhiều chất màu được cuốn trôi theo dòng nước hoặc lắng đọng lại ở bờ sông, bãi bồi","đất, cát mịn được cuốn theo dòng nước hoặc đọng lại ở bờ sông, bãi bồi",phù sa. ảnh.jpg,,,,"đất phù sa màu mỡ
được phù sa bồi đắp","- Nước sông đục ngàu phù sa
- Hai bên sông, đất đai màu mỡ bởi có phù sa bồi đắp",*
14,"Bài 2: 
Mùa nước nổi",cá ròng ròng,"một loại cá nhỏ đặc trưng, thường được bắt vào mùa mưa, khi nguồn cá tự nhiên trở nên dồi dào. Đặc điểm của cá ròng ròng là thân nhỏ, thịt mềm và vị ngọt tự nhiên","một loài cá thân nhỏ bằng ngón tay út, thường được bắt vào mùa mưa",cá ròng ròng. ảnh.jpg,,,,"đàn cá ròng ròng
cá ròng ròng mới nở
bắt cá ròng ròng","Đàn cá ròng ròng bơi lội tung tăng dưới ao.

Sau cơn mưa, rất nhiều cá ròng ròng xuất hiện ở ruộng nước.

Những con cá ròng ròng nhỏ xíu bơi theo cá mẹ.

Bọn trẻ ra đồng bắt cá ròng ròng.",*
15,"Bài 2: 
Mùa nước nổi",ngập,"[1] (chất lỏng) tràn lên và phủ kín hoàn toàn
[2] ở sâu dưới bề mặt một khối gì đó, bị phủ lấp hết hoặc gần hết
[3] có nhiều và khắp cả trên một diện tích, đến mức như bao phủ, che lấp tất cả","mang hàm ý che phủ, phủ lấp
- tràn lên và phủ kín hoàn toàn (mưa ngập đường)
- chìm sâu dưới một bề mặt (chân ngập dưới bùn)
- có nhiều trên 1 diện tích đến mức có thể che phủ (đồng cỏ ngập hoa)",ngập. ảnh.jpg,,,,"ngập nước, ngập lụt, chìm trong nước 

tràn ngập, đầy ắp

trái nghĩa: khô ráo, cạn nước 

từ thường dùng: đường phố ngập, ruộng bị ngập","- Chúc mọi người năm mới tràn ngập niềm vui và hạnh phúc
- Bão lớn là đường phố ngập nước",
16,"Bài 2: 
Mùa nước nổi",lắt léo,"quanh co, ngoắt ngoéo","không thẳng, có nhiều lỗi rẽ quanh cô, phức tạp",lắt léo.ảnh.webp,,,,"con đường lắt léo

ngõ lắt léo

câu hỏi lắt léo

lối đi lắt léo","Con đường lên bản rất lắt léo và quanh co.

Chúng em đi qua những con ngõ nhỏ lắt léo.

Thầy giáo đưa ra một câu hỏi khá lắt léo.

Lối đi trong rừng lắt léo khiến chúng em phải đi rất cẩn thận.",
17,"Bài 3:
Họa mi hót",chim họa mi,"Chim họa mi là chim cảnh có khả năng hót hay và đá giỏi, thuộc họ chim sâu.","Chim họa mi là chim cảnh có khả năng hót hay và đá giỏi, thuộc họ chim sâu.",chim họa mi. ảnh.jfif,,,,"chim họa mi hót, tiếng chim họa mi

chim sơn ca, chim chích chòe ","Chim họa mi hót líu lo trên cành cây.

Buổi sáng, em nghe tiếng chim họa mi rất vui tai.

Con chim họa mi nhỏ bé nhưng hót rất hay.",
18,"Bài 3:
Họa mi hót",vang lừng,"vang lên và truyền đi rất xa, như ở đâu cũng nghe thấy",tiếng hay và lan ra rất xa,,, vang lừng.mp4,,"đồng nghĩa: vang xa, vang dội 

nổi tiếng, lừng danh

trái nghĩa: im lặng, không ai biết 

cụm từ thường dùng: tiếng hát vang lừng","- Trong giờ văn nghệ, cả lớp cất tiếng hát vang lừng

Tiếng trống trường vang lừng khắp sân trường.

Tên tuổi của người anh hùng vang lừng khắp nơi.

Tiếng hát của chị ấy vang lừng trong hội trường.",
19,"Bài 3:
Họa mi hót",kì diệu,"có cái gì vừa rất lạ lùng như không cắt nghĩa nổi, vừa làm cho người ta phải ca ngợi, phải khâm phục","điều lạ lùng xảy ra làm người khác phải ngạc nhiên, ca ngợi",,,kì diệu,,"phát minh kì diệu
khả năng kì diệu
đồng nghĩa: thần kì, diệu kì, đặc biệt, tuyệt vời

trái nghĩa: bình thường, tầm thường
","- Cảnh vật ở đây đẹp kì diệu như tranh 

Thiên nhiên mang đến nhiều điều kì diệu.

Câu chuyện cổ tích thật kì diệu.

Cuộc sống có rất nhiều điều kì diệu quanh ta.",
20,"Bài 3:
Họa mi hót",rực rỡ,"có màu sắc tươi sáng đẹp đẽ và nổi bật hẳn lên, làm cho ai cũng phải chú ý","màu sắc tươi sáng, nổi bật, làm người khác phải chú ý",rực rỡ. ảnh.png,,,,"cụm từ thường dùng: màu sắc rực rỡ

nắng rực rỡ

đồng nghĩa: tươi sáng, chói lọi 

trái nghĩa: tối tăm, nhạt nhòa 
","- Ngoài vườn, trăm hoa đua nở rực rỡ.

Những bông hoa nở rực rỡ trong vườn.

Pháo hoa rực rỡ trên bầu trời đêm.

Cô bé mặc chiếc váy màu đỏ rất rực rỡ.",
21,"Bài 3:
Họa mi hót",lấp lánh,"có ánh sáng phản chiếu không liên tục, nhưng đều đặn, vẻ sinh động","sáng nhưng không liên tục, nhấp nháy rất đẹp",lấp lánh. ảnh.jpg,,,,"đồng nghĩa: lung linh, lóng lánh

cụm từ thường dùng: sáng lấp lánh, tỏa sáng

trái nghĩa: tối mờ, mờ nhạt ","- Những ngôi sao sáng lấp lánh giữa bầu trời đêm.

Giọt sương lấp lánh dưới ánh nắng.

Đôi mắt em bé lấp lánh niềm vui.",
22,"Bài 3:
Họa mi hót",nhẹ nhàng,"có tính chất nhẹ, cảm giác khoan khoái, dễ chịu không gây cảm giác gì nặng nề hoặc khó chịu vì không vướng bận gì","cảm giác nhẹ, dễ chịu, thoải mái, không khó chịu gì",,, nhẹ nhàng.mp4,,"hương thơm nhẹ nhàng
tâm hồ nhẹ nhàng

đồng nghĩa: êm ái, dịu dàng, từ tốn, chậm rãi

trái nghĩa: mạnh mẽ, dữ dội 

cụm từ thường dùng: giọng nói nhẹ nhàng ","- Ngoài vườn của ngoại, hương ổi, hương cam, hơng bưởi thơm nhẹ nhàng

Cô giáo nói chuyện rất nhẹ nhàng.

Làn gió nhẹ nhàng thổi qua cánh đồng.

Mẹ xoa đầu em rất nhẹ nhàng.",
23,"Bài 3:
Họa mi hót",dìu dặt,lúc nhanh lúc chậm một cách nhịp nhàng và êm nhẹ (thường nói về âm thanh),"âm thanh êm nhẹ, nghe rất nhẹ nhàng",,dìu dặt. sound.mp3,,,"đồng nghĩa: du dương, êm ái 

trái nghĩa: ồn ào, chói tai

cụm từ thường dùng: tiếng nhạc dìu dặt, tiếng sáo dìu dặt
 ","- Âm thanh cây đàn tranh ngân lên dìu dặt, tha thiết.

Tiếng đàn vang lên dìu dặt.

Giai điệu bài hát thật dìu dặt.

Tiếng sáo dìu dặt trong đêm trăng.",*
24,"Bài 3:
Họa mi hót",tưng bừng,"cảm giác nhộn nhịp, vui vẻ; có những biểu hiện rõ ràng, mạnh mẽ như bừng lên ","(quang cảnh, không khi) vui vẻ, nhộn nhịp, có nhiều âm thanh và cảnh vật đẹp, rực rỡ",,, tưng bừng.mp4,,"đồng nghĩa: nhộn nhịp, rộn ràng, vui vẻ, náo nhiệt

trái nghĩa: vắng lặng, buồn tẻ 

cụm từ thường dùng: không khí tưng bừng","Sân trường tưng bừng trong ngày khai giảng.

Không khí lễ hội thật tưng bừng.

Cả làng tưng bừng đón Tết.",
25,"Bài 3:
Họa mi hót",lộc,"[1] chồi lá non
[2] của trời hay các đấng thiêng liêng ban cho, theo quan niệm xưa","[1] chồi lá non, mới mọc
[2] vật/của quý được ban tặng",lộc. ảnh.webp,,,,"Trái nghĩa: khô héo, tàn úa 

cụm từ thường dùng: lộc biếc, lộc xuân, lộc non, chồi non ","- Mùa xuân, cây trổ lộc báo hiệu một năm mới may mắn

Cây bàng trước sân trường đang nhú lộc non.

Mùa xuân mang đến những chồi lộc xanh.

Cành đào có nhiều lộc biếc.",*
26,Bài 4: Tết đến rồi,mong chờ,"trạng thái trông ngóng, đợi chờ điều gì đó, việc gì đó xảy ra.",chờ đợi với nhiều hy vọng điều gì sẽ diễn ra,,, mong chờ.mp4,,"Cụm từ: khắc khoải mong chờ (mong chờ rất lâu)

Từ đồng nghĩa: mong đợi, trông đợi

Từ gần nghĩa: hy vọng, chờ đợi

Từ trái nghĩa: thờ ơ, không quan tâm

Cụm từ thường dùng: mong chờ tin tốt","- Lan đang mong chờ được gặp lại người bạn thân sau nhiều ngày xa cách

Em mong chờ ngày được gặp lại bạn bè.

Cả lớp mong chờ chuyến tham quan sắp tới.

Mọi người mong chờ một tin vui.",
27,Bài 4: Tết đến rồi,đặc trưng,"nét riêng biệt và tiêu biểu, được xem là dấu hiệu để phân biệt với những sự vật khác","nét tiêu biểu, khác biệt với các sự vật khác",,,https://drive.google.com/file/d/1btNTdSh3NCOK4QUDzuk2-FzaX_oYbvIN/view?usp=drivesdk,,"Cụm từ: đặc trưng văn hóa, nét đặc trưng riêng

Từ đồng nghĩa: đặc điểm, nét riêng

Từ gần nghĩa: tiêu biểu, điển hình

Từ trái nghĩa: chung chung, giống nhau

Cụm từ thường dùng: nét đặc trưng","- Hoa đào là loài hoa đặc trưng cho mùa xuân ở Miền Bắc

Áo dài là trang phục đặc trưng của Việt Nam.

Mỗi vùng miền đều có món ăn đặc trưng riêng.

Giọng nói của cô có nét đặc trưng rất dễ nhận ra.",
28,Bài 4: Tết đến rồi,rực rỡ,"có màu sắc tươi sáng đẹp đẽ và nổi bật hẳn lên, làm cho ai cũng phải chú ý","màu sắc tươi sáng, nổi bật, làm người khác phải chú ý",rực rỡ. ảnh.png,,,,"Cụm từ: màu sắc rực rỡ, nắng rực rỡ

Từ đồng nghĩa: tươi sáng, chói lọi

Từ gần nghĩa: nổi bật, lung linh

Từ trái nghĩa: tối tăm, nhạt nhòa

Cụm từ thường dùng: màu sắc rực rỡ","- Ngoài vườn, trăm hoa đua nở rực rỡ.

Những bông hoa nở rực rỡ trong vườn.

Pháo hoa rực rỡ trên bầu trời đêm.

Chiếc váy của cô bé có màu sắc rất rực rỡ.",
29,Bài 4: Tết đến rồi,chúm chím,"từ gợi tả dáng vẻ hơi mấp máy và chúm lại, không hé mở ra","hơi khép lại, nhỏ xíu, chưa mở ra","chúm chím 2. ảnh.jfif
chúm chím 3. ảnh.webp
chúm chím. ảnh.jfif",,,,"Cụm từ: miệng cười chúm chím, nụ hoa chúm chím

Từ đồng nghĩa: cười tủm tỉm

Từ gần nghĩa: mỉm cười, cười nhẹ

Từ trái nghĩa: khóc nức nở

Cụm từ thường dùng: cười chúm chím","- Mỗi lần nghĩ đến phần thưởng khi được điểm tốt, cô ấy lại chúm chím môi cười, mắt sáng lên.

Cô bé chúm chím cười khi được khen.

Em bé chúm chím khi nhìn thấy mẹ.

Bạn Lan chúm chím cười rất dễ thương.",
30,Bài 4: Tết đến rồi,xinh xắn,xinh và rất ưa nhìn,đẹp,xinh xăn. ảnh.webp,,,,"Cụm từ: gương mặt xinh xắn, căn phòng xinh xắn

Từ đồng nghĩa: dễ thương, xinh đẹp

Từ gần nghĩa: đáng yêu

Từ trái nghĩa: xấu xí

Cụm từ thường dùng: cô bé xinh xắn","- Bé Hoa có gương mặt xinh xắn và rất đáng yêu

Cô bé có khuôn mặt rất xinh xắn.

Búp bê của em trông thật xinh xắn.

Con mèo nhỏ xinh xắn đang nằm ngủ.",
31,Bài 4: Tết đến rồi,mạnh khỏe,"có sức khoẻ như mong muốn, không bị ốm đau","cơ thể khỏe, không bị ốm",mạnh khỏe 1. ảnh.jpg,,,,"Cụm từ: thân thể mạnh khỏe

Từ đồng nghĩa: khỏe mạnh, cường tráng

Từ gần nghĩa: dẻo dai

Từ trái nghĩa: ốm yếu, bệnh tật

Cụm từ thường dùng: cơ thể mạnh khỏe","- Em chăm tập thể dục để giữ thân thể mạnh khỏe và tinh thần thoải mái.

Ông em vẫn rất mạnh khỏe dù đã lớn tuổi.

Các bạn nhỏ cần ăn uống đủ chất để mạnh khỏe.",
32,Bài 4: Tết đến rồi,giỏi giang,"giỏi, tháo vát (nói khái quát)",làm tốt trong một công việc cụ thể,giỏi giang.png,,,,"Cụm từ: học hành giỏi giang, buôn bán giỏi giang

Từ đồng nghĩa: tài giỏi, giỏi

Từ gần nghĩa: khéo léo, thông minh

Từ trái nghĩa: kém cỏi

Cụm từ thường dùng: người phụ nữ giỏi giang","- Mẹ chỉ mong em mạnh khỏe và học hành giỏi giang.

Chị của em rất giỏi giang trong học tập.

Bạn Lan là một học sinh giỏi giang.

Cô bé giỏi giang giúp đỡ bố mẹ nhiều việc.",
33,Bài 4: Tết đến rồi,quây quần,"tụ tập lại trong một không khí thân mật, đầm ấm","mọi người ở gần nhau, làm việc cùng nhau",quây quần 2. ảnh.webp,,,,"Cụm từ: quây quần đông đủ

Từ đồng nghĩa: sum họp, tụ họp

Từ gần nghĩa: đoàn tụ, tụ tập

Từ trái nghĩa: chia xa, tản mác

Cụm từ thường dùng: quây quần bên nhau","- Mỗi khi Tết hè, nhà tôi lại ngồi quây quần bên mâm cơm và xem chương trình Chào năm mới.

Cả gia đình quây quần bên mâm cơm.

Mọi người quây quần bên bếp lửa trong đêm đông.

Ngày Tết là dịp để gia đình quây quần bên nhau.",
34,"Bài  5:
Giọt nước và biển lớn",tí ta tí tách,"từ mô phỏng tiếng động nhỏ, gọn, liên tiếp, không đều nhau như tiếng nước rơi xuống từng giọt cách quãng","âm thanh nhỏ, lặp lại từng tiếng",,, tí ta tí tách.mp4,,"Cụm từ: mưa rơi tí ta tí tách, tiếng nước tí ta tí tách

Từ đồng nghĩa: lộp bộp, lách tách

Từ gần nghĩa: rào rào (âm thanh mưa lớn)

Từ trái nghĩa: im lặng

Cụm từ thường dùng: rơi tí tách","- Ngoài trời mưa rơi tí ta tí tách

Mưa rơi tí ta tí tách trên mái nhà.

Em nghe tiếng nước tí ta tí tách ngoài hiên.

Những giọt mưa tí ta tí tách rơi xuống lá.",
35,"Bài  5:
Giọt nước và biển lớn",lượn,"[1] di chuyển bằng cách chao nghiêng thân hoặc uốn mình theo đường vòng
[2] đi qua qua lại lại một nơi nào đó, không dừng lại lúc nào cả
","[1] di chuyển bằng cách uốn mình, đi theo đường cong, không thẳng 
[2] đi qua đi lại một nơi liên tục",lượn. ảnh.jpg,,,,"Cụm từ: lượn qua lượn lại, bay lượn, uốn lượn, lượn quanh

Từ đồng nghĩa: chao liệng

Từ gần nghĩa: bay vòng, bay quanh

Từ trái nghĩa: đứng yên, nằm im

Cụm từ thường dùng: bay lượn, lượn vòng","- Dòng sông lượn vòng quanh chân núi

Những cánh chim lượn trên bầu trời.

Con diều bay lượn theo chiều gió.

Đàn chim lượn vòng trên cánh đồng.",*
36,"Bài  5:
Giọt nước và biển lớn",chân đồi,một ngọn đồi thấp hoặc sườn dốc gồ ghề ở chân hoặc rìa của dãy núi; là địa hình chuyển tiếp giữa đồng bằng hoặc thung lũng bằng phẳng và các đỉnh núi cao hơn.,"vị trí chân hoặc rìa núi, thường dốc và thấp",chân đồi.png,,,,"Cụm từ: dưới chân đồi

Từ liên quan: sườn đồi, đỉnh đồi

Từ gần nghĩa: chân núi

Từ trái nghĩa: đỉnh đồi

Cụm từ thường dùng: ngôi nhà dưới chân đồi","- Dưới chân đồi, đàn trâu đang gặm cỏ.

Ngôi nhà nhỏ nằm dưới chân đồi.

Những ruộng ngô xanh mướt ở chân đồi.

Chúng em dừng chân nghỉ dưới chân đồi.",
37,"Bài  5:
Giọt nước và biển lớn",mênh mông,"hết sức lớn lao, rộng lớn và lan tỏa ra xung quanh đến mức như không có giới hạn",vô cùng rộng lớn như không có điểm kết thúc,mênh mông. ảnh.jpg,,,,"Cụm từ: đại dương mênh mông, mênh mông bất tận

Từ đồng nghĩa: rộng lớn, bát ngát

Từ gần nghĩa: bao la

Từ trái nghĩa: chật hẹp, nhỏ bé

Cụm từ thường dùng: biển mênh mông","- Xa xa những ruộng bậc thang trải dài mênh mông.

Cánh đồng lúa trải dài mênh mông.

Biển xanh mênh mông trước mắt em.

Bầu trời cao rộng và mênh mông.",
38,Bài 6: Mùa vàng,dìu dịu,"có tính chất gây cảm giác dễ chịu, tác động êm nhẹ đến các giác quan hoặc đến tinh thần","cảm giác nhẹ nhàng, dễ chịu, không mạnh, gay gắt",dìu dịu. ảnh.jpeg,,,,"Cụm từ: ánh sáng dìu dịu, hương thơm dìu dịu

Từ đồng nghĩa: nhẹ nhàng, êm dịu

Từ gần nghĩa: thoang thoảng

Từ trái nghĩa: gay gắt, dữ dội

Cụm từ thường dùng: hương thơm dìu dịu","- Sáng sớm, ánh sáng dìu dịu chiếu qua cửa sổ.

Hương hoa lan tỏa mùi thơm dìu dịu.

Cơn gió dìu dịu thổi qua khu vườn.

Mùi hương dìu dịu khiến em rất dễ chịu.",
39,Bài 6: Mùa vàng,dập dờn,"chuyển động lúc lên lúc xuống, lúc ẩn lúc hiện, lúc gần lúc xa nối tiếp nhau liên tiếp và nhịp nhàng","chuyển động lên xuống, từ xa đến gần nối tiếp nhau",,, dập dờn.mp4,,"Cụm từ: sóng biển dập dờn, ánh lửa dập dờn

Từ đồng nghĩa: nhấp nhô, lắc lư

Từ gần nghĩa: chập chờn

Từ trái nghĩa: đứng yên

Cụm từ thường dùng: sóng dập dờn","- Ngoài khơi, sóng biển dập dờn đua nhau chạy về bờ.

Những con sóng dập dờn trên mặt biển.

Thuyền nhỏ dập dờn theo làn nước.

Cánh hoa dập dờn trong gió.",*
40,Bài 6: Mùa vàng,ríu rít,"[1] mô phỏng những tiếng cao, trong và tiếp liền nhau, nghe không rõ từng tiếng
[2] gợi tả cảnh nhóm người tụ lại với nhau cười nói rộn ràng","nhiều tiếng nói nhỏ, vui và liên tục",,,ríu rít,,"Cụm từ: chim hót ríu rít, đám trẻ ríu rít, trò chuyện ríu rít

Từ đồng nghĩa: líu lo, rộn ràng

Từ gần nghĩa: nhộn nhịp

Từ trái nghĩa: im lặng, lặng lẽ

Cụm từ thường dùng: ríu rít nói cười","- Các bạn nhỏ nói chuyện ríu rít.

Đàn chim ríu rít trên cành cây.

Các bạn nhỏ ríu rít trò chuyện.

Tiếng chim ríu rít làm buổi sáng thêm vui.",
41,Bài 6: Mùa vàng,thu hoạch,"gặt hái, thu về những sản phẩm do kết quả lao động, học tập làm ra",lấy sản phẩm sau khi làm xong,thu hoạch.png,,,,"Cụm từ: thu hoạch lúa, thu hoạch ngô, thu hoạch khoai, mùa thu hoạch, thu hoạch kiến thức

Từ đồng nghĩa: gặt hái, thu hái

Từ gần nghĩa: gặt lúa, hái quả

Từ trái nghĩa: gieo trồng

Cụm từ thường dùng: thu hoạch mùa màng","- Đến mùa thu hoạch, các bác nông dân rất bận rộn.

Nông dân đang thu hoạch lúa trên cánh đồng.

Mùa thu hoạch đến, ai cũng bận rộn.

Vườn cam nhà em đang vào mùa thu hoạch.",
42,Bài 6: Mùa vàng,âu yếm,"biểu lộ tình thương yêu, trìu mến bằng dáng điệu, cử chỉ, giọng nói","biệu hiện tình yêu thương một cách nhẹ nhàng, ấm ap qua hành động, lời nói",âu yếm.png,,,,"Cụm từ: cái ôm âu yếm, cử chỉ âu yếm

Từ đồng nghĩa: trìu mến, dịu dàng

Từ gần nghĩa: yêu thương, thân mật

Từ trái nghĩa: lạnh nhạt, thờ ơ

Cụm từ thường dùng: cử chỉ âu yếm","- Bà ngoại nhìn em âu yếm, ánh mắt ngập tràn tình yêu

Mẹ âu yếm xoa đầu em.

Cô giáo nhìn học sinh bằng ánh mắt âu yếm.

Bà âu yếm ôm cháu vào lòng.",
43,Bài 6: Mùa vàng,vất vả,ở vào tình trạng phải bỏ ra nhiều sức lực hay tâm trí vào một việc gì trong một thời gian dài,tốn nhiều sức lực hay suy nghĩ cho một công việc trong thời gian dài,vất vả.png,,,,"Cụm từ: làm ăn vất vả, vất vả sớm khuya

Từ đồng nghĩa: cực nhọc, gian khổ

Từ gần nghĩa: khó nhọc, nhọc nhằn

Từ trái nghĩa: nhàn nhã, thoải mái

Cụm từ thường dùng: làm việc vất vả","- Dù phải đi đường xa vất vả, em vẫn về quê thăm bà thường xuyên

Bố mẹ làm việc rất vất vả để nuôi em ăn học.

Người nông dân vất vả ngoài đồng.

Sau một ngày làm việc vất vả, ai cũng muốn nghỉ ngơi.",
44,Bài 6: Mùa vàng,hạn hán,"hạn, nắng hạn nói chung","tình trạng nắng, khô, thiếu nước kéo dài",hạn hán.png,,,,"Cụm từ: hạn hán kéo dài, sa mạc hạn hán

Từ đồng nghĩa: khô hạn, nắng hạn

Từ gần nghĩa: thiếu nước

Từ trái nghĩa: mưa nhiều, ngập lụt

Cụm từ thường dùng: mùa hạn hán","- Năm nay hạn hán kéo dài nên mùa màng không được bội thu.

Hạn hán kéo dài làm ruộng đồng khô cạn.

Nhiều nơi phải đối mặt với tình trạng hạn hán.

Cây cối héo úa vì hạn hán.",
45,"Bài 7: 
Hạt thóc",hạt thóc,hạt lúa còn nguyên cả vỏ trấu,"hạt gạo chưa bóc vỏ, màu nâu, không ăn được",https://drive.google.com/file/d/1GodxjdCDTp-wtH0oC0VNEOq5QnazLrAR/view?usp=drivesdk,,,,"thóc lúa, xay thóc, phơi thóc","- Bà cùng bé cho gà ăn thóc
- Ông và bà đang phơi thóc ngoài sân
- Bà xúc thóc vào thùng",
46,"Bài 7: 
Hạt thóc",thiên tai,"những tai họa lớn do các hiện tượng thiên nhiên như bão, lụt, hạn hán, giá rét, động đất,... gây nên, làm ảnh hưởng nặng nề đến đời sống và sản xuất","những tai họa tự nhiên như bão, lụt, hạn hán, động đất,... gây ảnh hưởng nặng nề đến đời sống con người",https://drive.google.com/file/d/13WIUjo5oFmyKHFiHJZbxjzLX7-ety99-/view?usp=drivesdk,,,,"khắc phục thiên tai
phòng chống thiên tai","- Thiên tai tàn phá mùa màng, làm đời sống con người trở nên khổ cực.
- Con người luôn phải khiếp sợ trước thiên tai.",*
47,"Bài 7: 
Hạt thóc",bình dị,"bình thường, giản dị","bình thường, giản dị",1. bình dị. photo.jpg,,,,"khung cảnh bình dị
con người bình dị
Từ đồng nghĩa: Giản dị, mộc mạc, đơn sơ, chân phương, khiêm nhường
Từ trái nghĩa: Xa hoa, lộng lẫy, phô trương, hào nhoáng, cầu kỳ.
",- Cuộc sống ở làng quê thật bình dị.  ,
48,"Bài 8:
Lũy tre",lũy tre,hàng tre trồng rất dày,"nhiều cây tre trồng thành nhiều hàng, rất dày ",lũy tre.webp,,,,"lũy tre xanh
từ gần nghĩa: Rặng tre, hàng tre, khóm tre, bụi tre, ngàn tre.","- Luỹ tre xanh đứng sừng sững như người gác cổng làng.
- Đầu làng em có một lũy tre xanh mướt.",
49,"Bài 8:
Lũy tre",rì rào,"từ mô phỏng những âm thanh nhỏ, êm nhẹ, phát ra đều đều, liên tiếp như tiếng sóng vỗ, tiếng gió thổi","những âm thanh nhỏ, nhẹ phát ra đều đều, liên tiếp ",,Âm thanh thư giãn - Tiếng gió rì rào,,,"tiếng sóng rì rào
tiếng gió rì rào
rừng cây rì rào","- Tiếng sóng vỗ rì rào
- Gió thổi rì rào qua kẽ lá",
50,"Bài 8:
Lũy tre",bần thần,"kém vẻ linh hoạt vì mệt mỏi hoặc vì đang có điều băn khoăn, lo nghĩ",nhìn kém linh hoạt vì mệt mỏi hoặc vì đang có điều cần suy nghĩ,bần thần.png,,,,"ngồi bần thần
vẻ mặt bần thần","- Bố ngồi bần thần trên ghế vì lo ông ốm
- Vẻ mặt bố bần thần và lo lắng",*
51,"Bài 8:
Lũy tre",nâng,"(1) đưa lên cao
(2) đỡ ai đó dậy","(1) đưa lên cao
(2) đỡ ai đó dậy",nâng.webp,,,,"Nâng đỡ, nâng lên
Từ đồng nghĩa: nhấc, đỡ
Từ trái: Hạ, đặt, buông, vứt, dìm","- Chị ngã em nâng
- Bố đang nâng tạ",
52,"Bài 9:
Vè chim",lon xon *,"gợi tả dáng đi, chạy với những bước ngắn, nhanh nhẹn, hồ hởi","tả dáng đi, chạy nhanh, trông rất đáng yêu",,, 2.lon ton. video.mp4,,"lon ton, lon xon","- Bé chạy lon ton theo mẹ
- Chú chó chạy lon ton theo chân em đi chơi",*
53,"Bài 9:
Vè chim",sáo,"chim nhỏ, lông đen có điểm trắng ở cánh, thường sống thành đàn
","loài chim nhỏ, lông đen có vệt trắng ở cánh, sống thành đàn
",https://drive.google.com/file/d/1-e24dP_4a9iPgUw5iMTo_Oo2mbVrcBuz/view?usp=sharing,,,,"chim sáo hót ríu rít
chim sáo đậu trên cành cây
chim sáo bay lượn trên bầu trời","- Đàn chim sáo đua nhau hót ríu rít
- Chim sáo đậu trên cành cây xem em học bài",
54,"Bài 9:
Vè chim",con liếu điếu * (có ảnh),"Con Liếu Điếu là một loài chim nhỏ, dài khoảng 12–15 cm, với bộ lông mượt mà, mềm mại, kết hợp ba màu chính: trắng, nâu đỏ và xám. ","loài chim có bộ lông 3 màu: trắng, nâu đỏ và xám",chim liếu điếu.jpg,,,,"con liếu điếu hót líu lo
con liếu đậu trốn trong các bụi cây","- Buổi sáng, chim liếu điều đang đi tìm thức ăn cho ngày mới
- Trong bụi tre, mấy chú liếu điếu đang đùa nghịch.",
55,"Bài 9:
Vè chim",tếu,"có cử chỉ, lời nói vui nhộn, cố tình gây cười một cách nghịch ngợm, nhiều khi thiếu nghiêm chỉnh","cử chỉ hài hước, vui nhộn",https://drive.google.com/file/d/1ll_6eUhEqFXZCyu4j1Y-rFS7M0RGEyX5/view?usp=sharing,,,,"nói chuyện tếu
kể chuyện tếu
đồng nghĩa: hài hước, vui tính, hóm hỉnh, nghịch ngợm, tếu táo
trái nghĩa: nghiêm nghị, lầm lì, khó tính, nhạt nhẽo","- Chú hề làm những trò rất tếu
- Bố em hay kể những câu chuyện tếu làm cả nhà cùng cười.",
56,"Bài 9:
Vè chim",con chìa vôi,"loài chim đồng cỡ nhỏ, lông đen, đuôi và cánh có vệt trắng, đuôi luôn cử động, ăn sâu bọ","loài chim nhỏ ăn sâu bọ, có lông đen, đuôi và cánh có vệt trắng",https://drive.google.com/file/d/1Xd_xIQNLw39TFqqRQW2abd6IsNzI2rJz/view?usp=sharing,,,,chim chìa vôi đậu ở bờ ao,"- Ngoài đồng, chim chìa vôi bay đi tìm thức ăn.
- Chú chim chìa vôi vừa hót vừa ngoáy cái đuôi dài",
57,"Bài 9:
Vè chim",chim chèo bẻo,"chim lông đen, cánh dài, đuôi dài chẻ thành hai nhánh, hay ăn sâu bọ.","loài chim ăn sâu bọ, lông đen, cánh dài, đuôi dài chẻ thành hai nhánh ",https://drive.google.com/file/d/10L3G_grbESkLYhKlOCXDphzUcmjrpLAF/view?usp=sharing,,,,"chèo bẻo đánh quạ
chèo bẻo bay lượn
tiếng hót líu lo
bộ lông đen tuyền","- Con chim chèo bẻo có cái đuôi dài, bay lượn rất uyển chuyển.",
58,"Bài 9:
Vè chim",mách lẻo,"nói cho người này chuyện riêng của người khác một cách không cần thiết, thường với dụng ý không tốt ",nói chuyện của người này cho người khác,https://drive.google.com/file/d/1q1wiuXOERimMlkzpKs6Hi32aofD8FiZR/view?usp=sharing,,,,"thói mách lẻo
hay mách lẻo
mách lẻo với cô giáo/bố mẹ
mách lẻo chuyện của người khác","- Mách lẻo chuyện của người khác là thói quen không tốt.
- Không nên mách lẻo chuyện của người khác
- Bạn Tú có tính hay mách lẻo nên mọi người không thích.",
59,"Bài 9:
Vè chim",(nhặt) lân la *,"tìm cách tiếp cận dần dần từng bước, tạo ra một mối quan hệ tiếp xúc gần gũi, nhằm thực hiện mục đích nhất định","nhặt xung quanh, không đi xa",,,  3. lân la. video.mp4,,"lân la nói chuyện
lân la tiếp cận
lân la lại gần","- Những chú chim lân la nhặt lá 
- Các bác hàng xóm lân la lại gần nói chuyện",*
60,"Bài 9:
Vè chim",chim sẻ,"chim nhỏ, lông màu hạt dẻ, có vằn, mỏ hình nón, thường sống thành đàn, ăn các hạt ngũ cốc","loài chim nhỏ lông màu hạt dẻ, sống thành đàn, ăn các loại hạt ngũ cốc",chim sẻ.jpg,,,,"chú chim sẻ nhỏ
chim sẻ bay lượn","- Chim sẻ đậu trên mái nhà kêu ríu rít
- Con chim sẻ nhỏ bé nhưng rất nhanh nhẹn",
61,"Bài 9:
Vè chim",chim sâu,"chim nhỏ, lông xanh xám, thường sống ở các bụi cây, ăn sâu nhỏ","loài chim nhỏ lông xanh xám, thường sống ở các bụi cây, ăn sâu nhỏ",chim sâu.png,,,,"chim sâu bắt sâu
vạch lá tìm sâu
chim sâu chuyền cành
chim sâu  kêu lách chách
","- Buổi sáng, chim sâu hót líu lo trong vườn.
- Chim sâu bay từ cành này sang cành khác tìm thức ăn",
62,"Bài 9:
Vè chim",tu hú,"chim có lông màu đen hoặc đen nht có nhiều chấm trắng, thường đẻ trứng vào tổ sáo sậu hoặc chim ác và kêu vào đầu mùa hè ","loài chim có lông màu đen hoặc đen nhạt có nhiều chấm trắng, thường kêu vào đầu mùa hè ",tu hú chấm trắng.jpg,,,,"tu hú gọi bầy
tiếng tu hú vang vọng
tiếng kêu khắc khoải
tu hú báo hiệu mùa hè sang","- Tiếng chim tu hú vang lên báo hiệu mùa hè đã đến.
- Khi tiếng chim tu hú gọi bầy, vườn vải quê em đã chín đỏ.",
63,"Bài 9:
Vè chim",cú mèo,cú có 2 túm lông trên đầu giống như tai mèo,loài cú có 2 túm lông trên đầu giống như tai mèo,https://drive.google.com/file/d/1FMoVaBhFJN5UyQAd54ajHqUWscoTJSVv/view?usp=sharing,,,,"Đôi mắt to tròn
mặt giống mặt mèo
bộ lông màu nâu xám
sống trong hốc cây","- Tiếng cú mèo vang lên trong khu rừng yên tĩnh
- Cú mèo lặng lẽ bay trong đêm như một người gác rừng",
64,"Bài 10:
Khủng long",khủng long,loài bò sát lớn cổ xưa nay đã bị tuyệt diệt.,"loài động vật bò sát to lớn, ăn thịt, đã tuyệt chủng",https://drive.google.com/file/d/1IuRrxaz1POiBFYmoSKuu5jn-sU9V3J6s/view?usp=sharing,,,,"Khủng long bạo chúa
Khủng long ăn cỏ
Khủng long ăn thịt","- Khủng long rất to lớn và đáng sợ
- Khủng long là loài động vật ăn thịt ",
65,"Bài 10:
Khủng long",khổng lồ,"có kích thước, quy mô, khối lượng lớn gấp nhiều lần so với bình thường","có số lượng, quy mô, kích thước vô cùng lớn",https://drive.google.com/file/d/1FhYg2oQR9-M9WcIQ8Y20fQLLWOgFOWXh/view?usp=sharing,,,,"- đồng nghĩa: đồ sộ, to lớn
- trái nghĩa: tí hon, tí xíu","- Tòa nhà khổng lồ cao vút giữa thành phố
- Một con khủng long khổng lồ xuất hiện trong bộ phim",
66,"Bài 10:
Khủng long",tự vệ *,sự bảo vệ mình chống lại mọi sự xâm phạm từ bên ngoài,sự tự bảo vệ bản thân,4. tự vệ. photo.webp,,,,"võ tự vệ
học cách tự vệ",- Ai cũng cần biết cách tự vệ,*
67,"Bài 10:
Khủng long",dũng mãnh *,dũng cảm và mạnh mẽ một cách phi thường,rất dũng cảm và mạnh mẽ ,dũng mãnh.png,,,," Từ đồng nghĩa: dũng cảm, mạnh mẽ
Từ trái nghĩa: Yếu đuối, nhát gan","- Thánh Gióng dũng mãnh nhổ cây tre đánh tan quân thù. 
- Đại bàng sải cánh dũng mãnh",*
68,"Bài 10:
Khủng long",tuyệt chủng *,bị mất hẳn nòi giống,sự biến mất hoàn toàn của một loài động vật hoặc thực vật,,,tuyệt chủng ,,"động vật tuyệt chủng
nguy cơ tuyệt chủng","- Khủng long là loài vật đã tuyệt chủng
- Hiện nay có rất nhiều loài động vật trong sách đỏ đang có nguy cơ tuyệt chủng",*
69,"Bài 11: 
Sự tích cây thì là",mảnh khảnh,"cao, gầy và mảnh, trông yếu","cao, gầy và mảnh, trông yếu",https://drive.google.com/file/d/1kbZbFxKVxHtYCdIrWlmmhh3eR3BVPbtR/view?usp=sharing,,,,"vóc dáng mảnh khảnh
dáng người mảnh khảnh 
vóc dáng mảnh khảnh","- Cô bé có dáng người mảnh khảnh và bước đi nhẹ nhàng.
- Bạn Lan trông rất mảnh khảnh trong bộ áo dài trắng.",*
70,"Bài 11: 
Sự tích cây thì là",nhỏ xíu,"rất nhỏ, như không còn nhỏ hơn được nữa","rất nhỏ, như không còn nhỏ hơn được nữa",https://drive.google.com/file/d/1VpDRQtI7TdyxyVj1Nfxyi05oOVLWIk7f/view?usp=sharing,,,,"- đồng nghĩa: bé tí, tí xíu
- trái nghĩa: to tướng, to đùng, khổng lồ","- Con kiến nhỏ xíu bò trên mặt bàn.
- Bé có bàn tay nhỏ xíu
- Ngôi nhà nhỏ xíu nằm bên bờ sông.",
71,Bài 12: Bờ tre đón khách,bồ nông,"chim cỡ lớn, mỏ to và dài, cổ có bìu đựng mồi kiếm được, sống từng đàn ở bờ sông, bờ biển, thường bắt cá ăn.","loài chim cỡ lớn, mỏ to và dài, cổ có bìu đựng mồi kiếm được, sống theo đàn ở bờ sông, bờ biển, thường bắt cá ăn.",https://drive.google.com/file/d/1KK6onSVb21URFDB8uF7AlKZ4kMg38u9t/view?usp=sharing,,,,"bồ nông mò cá
bồ nông đựng cá
đàn bồ nông ","- Con bồ nông bay quanh những chiếc thuyền chờ bắt cá.
- Bồ nông có chiếc mỏ rất dài và to.",
72,Bài 12: Bờ tre đón khách,bói cá,"chim sống ở gần nước, mỏ dài, lông xanh, ngực nâu, hay nhào xuống nước để bắt cá.","loài chim mỏ dài, lông xanh, ngực nâu, hay nhào xuống nước để bắt cá",https://drive.google.com/file/d/1nDAWijpCirt-jpjyQGLasmUcFs8mSOdH/view?usp=sharing,,,,"bói cá rình mồi 
bói cá bay lượn","- Con bói cá lao xuống nước rất nhanh để bắt mồi.
- Bói cá có bộ lông nhiều màu sắc rất đẹp.",
73,Bài 12: Bờ tre đón khách,chim cu,"loài chim có vòng lông quanh cổ trông như hạt cườm, thường hay gáy cúc cu cu.","loài chim có vòng lông quanh cổ trông như hạt cườm, thường hay gáy cúc cu cu.",https://drive.google.com/file/d/1A3sHHjggAt83vqWRSkomYVwbL7onZqUH/view?usp=sharing,,,,"chim cu gáy
tiếng gáy cúc cù cu
vòng cườm ở cổ","- Con chim cu có bộ lông xám và cổ có vệt đen trắng.
- Ông em nuôi một con chim cu trong lồng tre.",
74,"Bài 13:
Tiếng chổi tre",chổi tre,"Cái chổi làm bằng tre, dùng để quét nhà",Chổi làm bằng tre,Chổi tre.jpg,,,,,Bà có cái chổi tre,
75,"Bài 13:
Tiếng chổi tre",xao xác*,"Tiếng cánh chim vỗ, tiếng gà gáy, v.v. nối tiếp nhau làm xao động cảnh không gian vắng lặng",Âm thanh nối tiếp nhau làm xao động âm thanh vắng lăngj,,, xao xạc.mp4,,"Tiếng lá xao xác 
Tiếng chim xao xác 
Âm thanh xao xác ",Tiếng lá mùa thu xao xác không ngừng,*
76,"Bài 13:
Tiếng chổi tre",cơn giông,"hiện tượng thời tiết phức hợp, xảy ra do sự đối lưu rất mạnh trong khí quyển, đặc trưng bởi sấm sét, chớp, gió mạnh, mưa rào, và đôi khi có mưa đá hoặc vòi rồng","Cơn mưa lớn, rất nguy hiểm ",Cơn dông.webp,,,,"Cơn giông kéo đến
Trời nổi cơn giông
Báo hiệu cơn giông sắp tới/sắp qua",Cơn giông ngày một lớn dần,
77,"Bài 13:
Tiếng chổi tre",lặng ngắt,"Im lặng hoàn toàn, tuyệt đối","Im lặng, không có âm thanh",,, lặng ngắt.mp4,,"Không gian lặng ngắt
Trở nên lặng ngắt
Bầu không khí lặng ngắt

- Từ đồng nghĩa: Tĩnh lặng, im thin thít","Đêm đến, ngôi trường trở nên lặng ngắt",
78,"Bài 13:
Tiếng chổi tre",chị/ cô lao công,"Người làm việc chân tay đơn giản (như quét dọn, làm vệ sinh, v.v.) ở cơ quan, xí nghiệp.","Người quét dọn, làm vệ sinh, v.v.",co-lao-cong-700-1713865316.jpg,,,,"Cô lao công chăm chỉ

- Từ đồng nghĩa: Nhân viên dọn dẹp, nhân viên vệ sinh",Cô lao công trường em rất chăm chỉ và cẩn thận,*
79,"Bài 13:
Tiếng chổi tre",rét,"Nghĩa 1: Chỉ thời tiết có nhiệt độ thấp đến mức cơ thể cảm thấy khó chịu
Nghĩa 2: Có cảm giác lạnh trong người, thường khiến cho phải run lên",Trái nghĩa với ấm ,Rét.avif,,,,"- Từ đồng nghĩa: Lạnh, cóng, buốt

- Từ trái nghĩa: Nóng, ấm",Mùa đông trời rất rét,
80,"Bài 14: 
Cỏ non cười rồi",bừng tỉnh *,"diễn tả hành động tỉnh giấc, mở mắt thức dậy một cách đột ngột, nhanh chóng và hoàn toàn, thường do tác động mạnh từ bên ngoài (tiếng ồn, ánh sáng) hoặc nội tại (giật mình, nỗi sợ)",Tỉnh giấc một cách nhanh chóng,,, bừng tỉnh.video.mp4,,"- Từ đồng nghĩa: Thức tỉnh, tỉnh dậy",Em bừng tỉnh khỏi giấc ngủ,
81,"Bài 14: 
Cỏ non cười rồi",ấm áp,Ấm và gây cảm giác dễ chịu,Ấm và gây cảm giác dễ chịu,ấm.jpg,,,,"- Từ trái nghĩa: lạnh, rét, cóng, buốt",Thời tiết trở nên ấm áp,
82,"Bài 14: 
Cỏ non cười rồi",chim én,"Tên một loài chim di cư nhỏ, nổi bật với đôi cánh nhọn, đuôi chẻ sâu, bay nhanh và chuyên săn côn trùng trên không","Tên loài chim nhỏ có đôi cánh chẻ nhọn, báo mùa xuân về",Chim én.webp,,,,Chim én báo xuân,"Mùa xuân, chim én bay trở về",
83,"Bài 14: 
Cỏ non cười rồi",sửa soạn*,Lo liệu và sắp đặt các thứ để làm việc gì đó,"Chuẩn bị, sắp xếp ",,, sửa soạn.mp4,,"Sửa soạn quần áo
Sửa soạn hành lý
Sửa soạn sách vở

- Từ đồng nghĩa: Chuẩn bị, sắp xếp",Em sửa soạn sách vở để ngày mai đi học,
84,"Bài 14: 
Cỏ non cười rồi",khóc nấc*,Tiếng khóc đứt quãng bởi tiếng nấc,Tiếng khóc đứt quãng bởi tiếng nấc,,,,,"Tiếng khóc nấc
Âm thanh khóc nấc

- Từ đồng nghĩa: nức nở",Em bé khóc nấc vì không thấy mẹ ,
85,"Bài 14: 
Cỏ non cười rồi",thút thít*,"Từ gợi tả tiếng khóc nhỏ và ngắt quãng, xen với tiếng xịt mũi",Âm thanh tiếng khóc nhỏ,,, thút thít.mp4,,"Tiếng khóc thút thít
Âm thanh khóc thút thít",Tiếng khóc thút thít vọng ra từ góc lớp,*
86,"Bài 14: 
Cỏ non cười rồi",yên tâm*,"Trạng thái tâm lí yên ổn, không có gì phải băn khoăn, lo lắng","Cảm giác yên ổn, không có gì phải lo lắng",yên tâm.jpg,,,,"- Từ đồng nghĩa: Yên lòng, an tâm

- Từ trái nghĩa: Lo lắng, lo âu",Mẹ yên tâm khi thấy em đi vào lớp,
87,"Bài 14: 
Cỏ non cười rồi",nhoẻn miệng,"Miệng nhếch lên, tạo thành nụ cười ","Miệng nhếch lên, tạo thành nụ cười ",Nhoẻn miệng.webp,,,,"Nhoẻn miệng cười

- Từ đồng nghĩa: Nhếch miệng",Mẹ nhoẻn miệng cười khi em được điểm tốt,
88,"Bài 15: 
Những con sao biển",sao biển,"Một loài sinh vật sống dưới biển, có hình ngôi sao",Sinh vật dưới nước có hình ngôi sao,sao biển.webp,,,,"Con sao biển 
Chú sao biển",Con sao biển kia có màu vàng,
89,"Bài 15: 
Những con sao biển",thủy triều*,"Hiện tượng nước biển dâng lên rút xuống một hai lần trong ngày, chủ yếu do sức hút của Mặt Trăng và Mặt Trời","Hiện tượng nước biển dâng lên rút xuống, bị ảnh hưởng bởi Mặt Trăng và Mặt Trời",,,thủy 5i4u,,"Thủy triều dâng lên
Thủy triều hạ xuống
Hiện tượng thủy triều","Trời tối, thủy triều dâng lên",*
90,"Bài 15: 
Những con sao biển",đại dương,"Biển lớn, tiếp giáp với cả một châu hoặc một vùng lớn hơn",Vùng biển lớn,Đại dương.webp,,,,"Đại dương bao la
Đại dương bát ngát
Đại dương rộng lớn

- Từ đồng nghĩa: Biển cả",Đại dương là nơi rất rộng lớn,
91,"Bài 15: 
Những con sao biển",trìu mến*,Biểu lộ tình yêu thương tha thiết,Cái nhìn yêu thương,trìu mến.jpg,,,,"- Từ đồng nghĩa: Dịu dàng, âu yếm, yêu thương

- Từ trái nghĩa: căm ghét, ghét bỏ",Bà luôn nhìn em thật trìu mến,
92,"Bài 16:
Tạm biệt cánh cam",cánh cam,"Bọ cánh cứng cùng họ với bọ hung, thân màu xanh biếc.","Bọ cánh cứng, thân màu xanh biếc.",cánh cam.webp,,,,"Bọ cánh cam
Con bọ cánh cam
Loài bị cánh cam",Con bọ cánh cam đậu lên bông hoa nhỏ,
93,"Bài 16:
Tạm biệt cánh cam",tập tễnh*,"Chỉ dáng đi không cân, không đều, bên cao bên thấp, vẻ ngả nghiêng, dễ ngã","Dáng đi bên cao bên thấp, vẻ ngả nghiêng, dễ ngã",,, tập tễnh.mp4,,"Dáng đi tập tễnh
Bước đi tập tễnh

- Từ đồng nghĩa: Khập khiễng",Em bé tập tễnh tập đi,*
94,"Bài 16:
Tạm biệt cánh cam",óng ánh,"Phản chiếu ánh sáng lấp lánh, trông đẹp mắt","Ánh sáng lấp lánh, trông đẹp mắt",óng ánh.webp,,,,"- Từ đồng nghĩa: Lấp lánh, long lanh, lung linh",Viên bi dưới ánh nắng trông óng ánh thật đẹp,*
95,"Bài 16:
Tạm biệt cánh cam",khệ nệ*,Dáng đi chậm chạp và nặng nề như đang phải mang vác nặng,Dáng đi chậm chạp và nặng nề như đang phải mang vác nặng,,, khệ nệ - mute (1).mp4,,"Dáng đi khệ nệ
Bước đi khệ nệ
Khệ nệ khiêng/bê/ôm...",Bố khệ nệ khiêng bàn ra sân,*
96,"Bài 16:
Tạm biệt cánh cam",tròn lẳn,"Rất tròn, rất dễ lăn ","Rất tròn, rất dễ lăn ",Tròn lẳn.webp,,,,"Quả bóng tròn lẳn

- Từ đồng nghĩa: Tròn xoe, tròn vo",Quả bóng tròn lẳn lăn xuống dốc,
97,"Bài 16:
Tạm biệt cánh cam",cẩn thận*,"Thận trọng trong hành động hoặc lời nói của mình, tránh sơ suất, để khỏi xảy ra điều bất lợi hoặc không hay","chú ý trong hành động hoặc lời nói của mình, tránh xảy ra điều không hay",,,,,"- Từ trái nghĩa: ẩu, vội vàng, hấp tấp",Cẩn thận là một đức tính tốt,
98,"Bài 16:
Tạm biệt cánh cam",ngơ ngác*,Ở trạng thái không định thần được trước cảnh vật quá xa lạ hoặc sự việc diễn biến quá bất ngờ,Cảm thấy khó hiểu trước những sự việc bất ngờ diễn ra,ngơ ngác.jpg,,,,"Trông ngơ ngác
Nhìn ngơ ngác",Bạn An ngơ ngác khi biết mình được điểm 10,
99,"Bài 16:
Tạm biệt cánh cam",hi vọng*,Tin tưởng và mong chờ điều tốt đẹp đến,Tin tưởng và mong chờ điều tốt đẹp đến,https://drive.google.com/file/d/1KbXZ_MRY_yB09kq2ctBQzhjknGO1MUHE/view?usp=drivesdk,,,,"Có hi vọng
Luôn hi vọng

- Từ trái nghĩa: Tuyệt vọng",Em hi vọng mình sẽ được tặng một quyển truyện cổ tích vào ngày sinh nhật,
100,"Bài 17:
Những cách chào độc đáo",phổ biến,"Có tính chất chung, có thể áp dụng cho cả một tập hợp các sự vật, hiện tượng","Có những đặc điểm, chi tiết giống nhau giữa các sự vật, hiện tượng",phổ biến.jpg,,,,"- Từ đồng nghĩa: Đại trà

- Từ trái nghĩa: Độc đáo, mới lạ","Ngày nay, áo phông là loại áo vô cùng phổ biến",
101,"Bài 17:
Những cách chào độc đáo",đặc biệt,"Khác hẳn những trường hợp thông thường về tính chất, chức năng hoặc mức độ","Sự khác biệt không phải sự vật, hiện tượng nào cũng có",đặc biệt.jpg,,,,"Vô cùng đặc biệt
Rất đặc biệt

- Từ trái nghĩa: Bình thường",Đây là một loài chim có bộ lông vô cùng đặc biệt,
102,"Bài 17:
Những cách chào độc đáo",nhẹ nhàng,"Có tính chất nhẹ, không gây cảm giác gì nặng nề hoặc khó chịu",Trái ngược với nặng,nhẹ nhàng.jpg,,,,"- Từ đồng nghĩa: Dịu dàng, hiền hòa

- Từ trái nghĩa: Hung dữ, hùng hổ, dữ tợn, mạnh mẽ",Đây là một công việc rất nhẹ nhàng,
103,"Bài 17:
Những cách chào độc đáo",truyền thống,"Thói quen hình thành đã lâu đời trong lối sống và nếp nghĩ, được truyền lại từ thế hệ này sang thế hệ khác","Những sự vật, sự kiện, hiện tượng được truyền lại từ các đời trước","Truyền thống.jpg
truyền thống 2.jpg",,,,"Truyền thống tốt đẹp
Truyền thống lâu đời
Giữ gìn truyền thống",Gói bánh chưng ngày Tết là một trong những truyền thống của nước ta,
104,"Bài 17:
Những cách chào độc đáo",giao tiếp,"Trao đổi, tiếp xúc với nhau","Trao đổi, tiếp xúc với nhau",giao tiếp.jpg,,,,"- Từ đồng nghĩa: Giao lưu, trò chuyện, nói chuyện",Em thường giao tiếp với bạn bè,
105,"Bài 18:
Thư viện biết đi",thư viện,"Nơi lưu giữ sách báo, tài liệu với số lượng lớn và tổ chức cho bạn đọc sử dụng","Nơi lưu giữ sách báo, tài liệu với số lượng lớn",giao tiếp.jpg,,,,"Đến thư viện
Mượn sách ở thư viện
Đọc sách ở thư viện",Em rất thích đến thư viện đọc sách,
106,"Bài 18:
Thư viện biết đi",thế giới,"Trái Đất, nơi toàn thể loài người đang sinh sống","Trái Đất, nơi toàn thể loài người đang sinh sống",Thế giới.webp,,,,"Thế giới hòa bình
Thế giới rộng lớn

- Từ đồng nghĩa: Trái đất, quả đất",Thế giới hòa bình là mong ước của rất nhiều người,
107,"Bài 18:
Thư viện biết đi",khổng lồ,"Có kích thước, quy mô, khối lượng lớn gấp nhiều lần so với bình thường",Rất to lớn,khổng lồ.jpg,,,,"- Từ đồng nghĩa: To lớn

- Từ trái nghĩa: Bé nhỏ, tí hon, nhỏ nhắn",Ngọn núi Everest thật là khổng lồ,
108,"Bài 18:
Thư viện biết đi",di động,Chuyển động thay đổi vị trí,Chuyển động thay đổi vị trí,,, di động.mp4,,"- Từ đồng nghĩa: Di chuyển, chuyển động, cử động

- Từ trái nghĩa: Đứng yên, đứng im",Thư viện di động đi khắp nơi trên đất nước,*
109,"Bài 18:
Thư viện biết đi",người thủ thư,Người quản lí sách của thư viện.,Người quản lí sách của thư viện.,Thủ thư.webp,,,,"Quản lí thư viện
Sắp xếp sách
Trông coi thư viện",Người thủ thư ở thư viện trường em rất dịu dàng,*
110,"Bài 18:
Thư viện biết đi",sa mạc,"Vùng rộng lớn có khí hậu rất khô, không có nước, hầu như không có cây cối và động vật sinh sống, trừ ở một số ốc đảo","Nơi rộng lớn, ít cây xanh, thời tiết rất nóng bức",Sa mạc.webp,,,,"Sa mạc nóng bức
Sa mạc rộng lớn
Sa mạc khô cằn",Trên sa mạc có rất nhiều cát,*
111,"Bài 19;
Cảm ơn anh hà mã",phật ý,không vui vì không được vừa ý,không vui vì không được vừa ý,,,,,"Cụm từ: làm ai phật ý, tỏ ra phật ý

Từ đồng nghĩa: giận lòng, mất lòng

Từ gần nghĩa: không hài lòng, bực bội

Từ trái nghĩa: hài lòng, vui lòng

Cụm từ thường dùng: sợ làm người khác phật ý","Em xin lỗi vì đã làm mẹ phật ý.

Bạn Lan sợ nói thẳng sẽ làm bạn mình phật ý.

Cô giáo nhẹ nhàng góp ý để không làm học sinh phật ý",*
112,"Bài 19;
Cảm ơn anh hà mã",lịch sự,"có thái độ nhã nhặn, lễ độ trong xã giao, phù hợp với quan niệm và phép tắc chung của xã hội","là cách cư xử nhẹ nhàng, lễ phép với người khác",ảnh - lịch sự.png,,video - lịch sự.mp4,,"Cụm từ: cư xử lịch sự, nói chuyện lịch sự

Từ đồng nghĩa: lễ phép, nhã nhặn

Từ gần nghĩa: tôn trọng, hòa nhã

Từ trái nghĩa: thô lỗ, bất lịch sự

Cụm từ thường dùng: thái độ lịch sự","Bạn Nam luôn nói chuyện rất lịch sự.

Chúng ta cần cư xử lịch sự với mọi người.

Em chào hỏi người lớn một cách lịch sự.",*
113,"Bài 19;
Cảm ơn anh hà mã",xấu hổ,"là cảm giác ngượng ngùng, e thẹn",ngại ,xấu hổ.png                                                                                                                                                                                                                                                                                                                                                                                                                                                                                                                                                                                                                                                                                                                                                                                                                                                                                                                                                                                                                                                                                                                                                                                                                                                                                                                                                                                                                                     ,,,,"Cụm từ: cảm thấy xấu hổ, đỏ mặt vì xấu hổ

Từ đồng nghĩa: ngượng ngùng, hổ thẹn

Từ gần nghĩa: bối rối, ngại ngùng

Từ trái nghĩa: tự tin, tự hào

Cụm từ thường dùng: thấy xấu hổ","Em cảm thấy xấu hổ vì không làm bài tập

Em cảm thấy xấu hổ khi nói sai trước lớp.

Bạn nhỏ cúi đầu vì xấu hổ.

Cậu bé xấu hổ khi bị nhắc nhở.",
114,"Bài 20:
Từ chú bồ câu đến In-tơ-nét",trực tiếp,"Có quan hệ thẳng với đối tượng tiếp xúc, không qua khâu trung gian","Nhìn tận mắt, làm tận tay mà không thông qua điều gì",trực tiếp.png,,,,"Cụm từ: nói chuyện trực tiếp, gặp trực tiếp

Từ đồng nghĩa: thẳng thắn, trực diện

Từ gần nghĩa: ngay lập tức, ngay tại chỗ

Từ trái nghĩa: gián tiếp

Cụm từ thường dùng: trao đổi trực tiếp","Cô giáo muốn trao đổi trực tiếp với phụ huynh.

Chúng em gặp nhau trực tiếp để thảo luận bài tập.

Thầy giáo hướng dẫn học sinh trực tiếp trên lớp.",
115,"Bài 20:
Từ chú bồ câu đến In-tơ-nét",trao đổi,bàn bạc ý kiến với nhau để đi đến thống nhất,nói chuyện qua lại giữa nhiều người,trao đổi.png,,,,"Cụm từ: trao đổi ý kiến, trao đổi thông tin

Từ đồng nghĩa: thảo luận, bàn bạc

Từ gần nghĩa: trò chuyện, nói chuyện

Từ trái nghĩa: giữ kín, không nói ra

Cụm từ thường dùng: trao đổi với nhau","Các bạn trao đổi ý kiến về bài học.

Cô giáo trao đổi với phụ huynh về việc học của học sinh.

Chúng em thường trao đổi bài với nhau.",
116,"Bài 20:
Từ chú bồ câu đến In-tơ-nét",huấn luyện,giảng dạy và hướng dẫn luyện tập,"dạy để tốt hơn, giỏi hơn",huấn luyện.png,,,,"Cụm từ: huấn luyện thể thao, huấn luyện quân sự

Từ đồng nghĩa: đào tạo, rèn luyện

Từ gần nghĩa: hướng dẫn, dạy dỗ

Từ trái nghĩa: bỏ mặc, không dạy

Cụm từ thường dùng: huấn luyện viên","Huấn luyện viên đang huấn luyện đội bóng.

Các vận động viên chăm chỉ tập luyện theo sự huấn luyện của thầy.

Chú bộ đội được huấn luyện rất nghiêm túc.",*
117,"Bài 20:
Từ chú bồ câu đến In-tơ-nét",thông tin,"là tất cả các sự việc, sự kiện, ý tưởng, phán đoán làm tăng thêm sự hiểu biết của con người.",điều được truyền đi cho người khác biết ,thông tin.png,,,,"Cụm từ: cung cấp thông tin, nhận thông tin

Từ đồng nghĩa: tin tức, dữ liệu

Từ gần nghĩa: tin báo, tin tức

Từ trái nghĩa: thiếu thông tin

Cụm từ thường dùng: chia sẻ thông tin","Cô giáo cung cấp thông tin về cuộc thi.

Chúng em tìm thông tin trên sách và báo.

Bạn Lan chia sẻ thông tin hữu ích cho lớp.",
118,"Bài 20:
Từ chú bồ câu đến In-tơ-nét",dễ dàng,"đơn giản,  không đòi hỏi nhiều điều kiện, nhiều công phu",trái nghĩa với khó,,,,,"Cụm từ: làm việc dễ dàng, giải bài dễ dàng

Từ đồng nghĩa: đơn giản, nhẹ nhàng

Từ gần nghĩa: thuận lợi, nhanh chóng

Từ trái nghĩa: khó khăn, phức tạp

Cụm từ thường dùng: hoàn thành dễ dàng","Em giải bài toán này rất dễ dàng.

Nhờ luyện tập, bạn ấy đọc tiếng Anh dễ dàng hơn.

Công việc trở nên dễ dàng khi có sự giúp đỡ.",
119,"Bài 20:
Từ chú bồ câu đến In-tơ-nét",in-tơ-nét,"hệ thống gồm các mạng máy tính được nối với nhau trên phạm vi toàn thế giới, tạo điều kiện cho các dịch vụ truyền thông dữ liệu, như tìm đọc thông tin từ xa, truyền các tệp tin, thư tín điện tử và các nhóm thông tin.",là một mạng máy tính lớn để nhiều máy tính trên khắp thế giới được nối với nhau.,internet.png,,,,"Cụm từ: sử dụng in-tơ-nét, truy cập in-tơ-nét

Từ đồng nghĩa: mạng internet

Từ gần nghĩa: mạng trực tuyến, mạng toàn cầu

Từ trái nghĩa: không có mạng, ngoại tuyến

Cụm từ thường dùng: tìm kiếm trên in-tơ-nét","Em dùng In tơ net để học 

Nhờ có mạng in-tơ-nét, em tìm được nhiều thông tin hữu ích.

Nhiều người dùng in-tơ-nét để học tập và làm việc.",*
120,"Bài 21:
Mai An Tiêm",Vua Hùng,là cách gọi dành cho các vị vua nước Văn Lang của người Lạc Việt - ,têm những vị vua của nước Văn Lang,vua Hùng.png,,,,"Cụm từ: các Vua Hùng, thời đại Vua Hùng

Từ gần nghĩa: vua thời cổ, vua đầu tiên của nước ta

Cụm từ thường dùng: Vua Hùng dựng nước","Hùng Vương là vị vua của nhà nước Văn Lang
Ngày 10 tháng 3 là ngày Giỗ tổ Hùng Vương 

Các Vua Hùng có công dựng nước.

Nhân dân tưởng nhớ công lao của Vua Hùng.

Ngày Giỗ Tổ là dịp tưởng nhớ các Vua Hùng.",
121,"Bài 21:
Mai An Tiêm",hiểu lầm,Hiểu không đúng sự thật; có ý kiến sai về hoạt động hoặc ý kiến của người khác.,hiểu sai ý,hiểu lầm.png,,,,"Cụm từ: gây hiểu lầm, tránh hiểu lầm

Từ đồng nghĩa: hiểu sai, lầm tưởng

Từ gần nghĩa: nhầm lẫn

Từ trái nghĩa: hiểu đúng, thông cảm

Cụm từ thường dùng: giải thích để khỏi hiểu lầm","Anh ấy buồn vì bị hiểu lầm 

Em xin lỗi vì đã hiểu lầm bạn.

Hai bạn nói chuyện để giải thích sự hiểu lầm.

Một lời nói thiếu rõ ràng dễ gây hiểu lầm.",
122,"Bài 21:
Mai An Tiêm",đảo hoang,"Hòn đảo không có người ở, ít hoặc không có dấu hiệu sinh sống của con người.",đảo không có người ,đảo hoang.png,,,,"Cụm từ: hòn đảo hoang, sống trên đảo hoang

Từ gần nghĩa: đảo vắng, đảo không người

Từ trái nghĩa: đảo đông người, đảo du lịch

Cụm từ thường dùng: hòn đảo hoang vắng","Con thuyền trôi dạt vào một đảo hoang.

Trên đảo hoang không có nhà cửa.

Họ phải tìm cách sinh sống trên đảo hoang.",*
123,"Bài 21:
Mai An Tiêm",nảy mầm,"mầm, chồi bắt đầu nhú ra, mọc ra",mầm cây bắt đầu mọc lên,nảy mầm.png,, nảy mầm.mp4,,"Cụm từ: hạt nảy mầm, cây nảy mầm

Từ đồng nghĩa: mọc mầm

Từ gần nghĩa: bắt đầu mọc

Từ trái nghĩa: héo úa, khô héo

Cụm từ thường dùng: hạt giống nảy mầm","Mầm cây mẹ trồng bắt đầu nảy mầm

Hạt đậu đã nảy mầm sau vài ngày.

Cây non bắt đầu nảy mầm sau cơn mưa.

Những hạt giống nhỏ bé đang nảy mầm.",
124,"Bài 21:
Mai An Tiêm",lan rộng,"chỉ quá trình phát tán, mở rộng không gian, tầm ảnh hưởng hoặc phạm vi của một sự vật, hiện tượng từ một điểm xuất phát ban đầu ra các khu vực xung quanh theo mọi hướng.","là từ chỉ quá trình từ một cái nhỏ trở nên to lớn hơn, rộng hơn",,, lan rộng.mp4,,"Cụm từ: lan rộng khắp nơi

Từ đồng nghĩa: lan ra, mở rộng

Từ gần nghĩa: phát tán

Từ trái nghĩa: thu hẹp, giảm bớt

Cụm từ thường dùng: lan rộng nhanh chóng","Tin vui lan rộng khắp làng.

Mùi hương hoa lan rộng trong vườn.

Niềm vui lan rộng khắp lớp học.",
125,"Bài 21:
Mai An Tiêm",hối hận,"Cảm thấy ân hận, day dứt vì nhận ra lỗi lầm của mình.",buồn vì lỗi sai của mình,hối hận.png,,,,"Cụm từ: cảm thấy hối hận

Từ đồng nghĩa: ân hận, hối tiếc

Từ gần nghĩa: day dứt

Từ trái nghĩa: hài lòng, tự mãn

Cụm từ thường dùng: vô cùng hối hận","Nam hối hận vì không nghe lời mẹ

Cậu bé rất hối hận vì nói dối.

Bạn ấy hối hận về lỗi lầm của mình.

Em biết nhận lỗi và hối hận.",*
126,"Bài 22:
Thư gửi bố ngoài đảo",xa xôi,"khoảng cách xa và cách trở về không gian, thời gian",rất xa,xa xôi.png,,,,"Cụm từ: nơi xa xôi, vùng xa xôi

Từ đồng nghĩa: xa xăm

Từ gần nghĩa: hẻo lánh

Từ trái nghĩa: gần gũi, gần

Cụm từ thường dùng: vùng đất xa xôi","Ngôi làng nằm ở nơi xa xôi.

Bạn ấy đến từ một vùng đất xa xôi.

Đường đến đó rất xa xôi.",
127,"Bài 22:
Thư gửi bố ngoài đảo",bằng lòng,"Có thái độ đồng ý, chấp nhận điều gì đó.",đồng ý ,bằng lòng.jpg,,,,"Cụm từ: vui lòng bằng lòng

Từ đồng nghĩa: đồng ý

Từ gần nghĩa: chấp nhận

Từ trái nghĩa: từ chối, phản đối

Cụm từ thường dùng: bằng lòng giúp đỡ","Mẹ bằng lòng cho em đi chơi.

Cô giáo bằng lòng với câu trả lời của em.

Bạn ấy vui vẻ bằng lòng giúp đỡ.",
128,"Bài 22:
Thư gửi bố ngoài đảo",đảo,"Đảo là phần đất tự nhiên được bao quanh hoàn toàn bởi nước (biển, đại dương, hồ, sông), nổi trên mặt nước. ",vùng đất ở giữa biển,đảo.png,,,,"Cụm từ: hòn đảo, đảo xa

Từ gần nghĩa: cù lao

Từ trái nghĩa: đất liền

Cụm từ thường dùng: đảo ngoài khơi","Việt Nam có nhiều hòn đảo đẹp.

Ngư dân sống trên đảo.

Con tàu tiến gần một hòn đảo.",
129,"Bài 22:
Thư gửi bố ngoài đảo",hòm thư,"Dụng cụ hoặc nơi dùng để nhận và chứa thư từ, bưu phẩm.",hộp đựng thư bên trong,hòm thư.png,,,,,,*
130,"Bài 23:
Bóp nát quả Cam",giặc Nguyên,"- Giặc: Kẻ tổ chức thành lực lượng vũ trang, chuyên đi cướp phá, làm rối loạn an ninh, gây tai hoạ cho cả một vùng hoặc một nước. 
- Giặc Nguyên: Quân giặc nước Nguyên (Mông Cổ) nằm ở phía Đông Bắc Châu Á, nằm giữa phía Bắc nước Nga và phía Nam Trung Quốc",nước Nguyên đến cướp phá nước khác ,giặc nguyên.png,,,,"Cụm từ: giặc Nguyên xâm lược

Từ gần nghĩa: quân xâm lược

Từ trái nghĩa: quân ta, quân bảo vệ đất nước

Cụm từ thường dùng: đánh giặc Nguyên","Quân dân ta chiến đấu chống giặc Nguyên.

Giặc Nguyên nhiều lần xâm lược nước ta.

Các tướng sĩ quyết tâm đánh bại giặc Nguyên.",*
131,"Bài 23:
Bóp nát quả Cam",sứ thần,Người thay mặt cho vua một nước đi giao thiệp với nước ngoài.,Người thay vua đi gặp nước khác,sứ giả.png,,,,"Cụm từ: sứ thần sang nước bạn

Từ đồng nghĩa: sứ giả

Từ gần nghĩa: người đi ngoại giao

Từ trái nghĩa: kẻ xâm lược

Cụm từ thường dùng: tiếp đón sứ thần","Sứ thần được cử sang nước láng giềng.

Nhà vua tiếp đón sứ thần rất trọng thị.

Sứ thần mang theo thư của vua.",
132,"Bài 23:
Bóp nát quả Cam",giả vờ,Làm ra vẻ như thật để che giấu sự thật hoặc đánh lừa người khác.,làm sai sự thật,,,,,"Cụm từ: giả vờ ngủ, giả vờ không biết

Từ đồng nghĩa: làm bộ, vờ

Từ gần nghĩa: đóng giả

Từ trái nghĩa: thật thà, thành thật

Cụm từ thường dùng: giả vờ không nghe","Cậu bé giả vờ ngủ để trốn học.

Bạn ấy giả vờ không biết chuyện.

Em không nên giả vờ khi mắc lỗi.",
133,"Bài 23:
Bóp nát quả Cam",xâm chiếm,"Hành động chiếm đoạt hoặc lấn chiếm lãnh thổ, tài sản hay quyền lợi của người khác một cách không được phép.","Lấn chiếm, chiếm lấy của người khác.
",xâm chiếm.png,,,,"Cụm từ: xâm chiếm đất nước

Từ đồng nghĩa: xâm lược

Từ gần nghĩa: chiếm đóng

Từ trái nghĩa: bảo vệ, giữ gìn

Cụm từ thường dùng: âm mưu xâm chiếm","
Nhân dân ta đứng lên chống lại sự xâm chiếm.

Quân ta bảo vệ đất nước trước kẻ xâm chiếm.",
134,"Bài 23:
Bóp nát quả Cam",ngang ngược,"Có thái độ bướng bỉnh, coi thường lẽ phải, làm theo ý mình bất chấp đúng sai.",Làm theo ý mình không cần biết đúng sai,,,,,"Cụm từ: thái độ ngang ngược

Từ đồng nghĩa: hỗn láo, vô lễ

Từ gần nghĩa: cứng đầu

Từ trái nghĩa: lễ phép, ngoan ngoãn

Cụm từ thường dùng: hành động ngang ngược","ên giặc có thái độ rất ngang ngược.

Cậu bé bị nhắc nhở vì cư xử ngang ngược.

Hành động ngang ngược khiến mọi người bức xúc.",
135,"Bài 23:
Bóp nát quả Cam",Trần Quốc Toản,là một vị anh hùng thiếu niên nổi tiếng thời nhà Trần trong lịch sử Việt Nam,thiếu niên anh hùng thời Trần,Trần Quốc Toản.png,,,,"Từ gần nghĩa: vị anh hùng trẻ tuổi

Cụm từ thường dùng: tấm gương Trần Quốc Toản","Trần Quốc Toản là một anh hùng nhỏ tuổi.

Câu chuyện Trần Quốc Toản rất nổi tiếng.

Chúng em học tập tinh thần yêu nước của Trần Quốc Toản.",*
136,"Bài 23:
Bóp nát quả Cam",phép nước,"Những quy định, luật lệ của nhà nước buộc mọi người phải tuân theo.",luật lệ của nhà nước,phép nước.png,,,,"Từ đồng nghĩa: pháp luật

Từ gần nghĩa: luật lệ

Từ trái nghĩa: vô pháp, không có luật lệ

Cụm từ thường dùng: nghiêm theo phép nước","Mọi người phải tuân theo phép nước.

Nhà vua giữ nghiêm phép nước.

Ai vi phạm sẽ bị xử theo phép nước.",
137,"Bài 23:
Bóp nát quả Cam",ấm ức,"Trạng thái bực bội, tức giận nhưng bị dồn nén trong lòng, chưa nói ra.","tức mà không nói ra
",,,,,"Cụm từ: cảm thấy ấm ức

Từ đồng nghĩa: uất ức

Từ gần nghĩa: bực bội

Từ trái nghĩa: vui vẻ, thoải mái

Cụm từ thường dùng: trong lòng ấm ức","Cậu bé cảm thấy rất ấm ức.

Bạn ấy ấm ức vì bị hiểu lầm.

Em nên nói ra để không còn ấm ức.",
138,"Bài 24:
Chiếc rễ đa tròn",thường lệ,Việc vẫn xảy ra hoặc được làm lặp đi lặp lại theo thói quen từ trước.,lặp lại theo thói quen,thường lệ.jpg,,,,"Cụm từ: theo thường lệ

Từ đồng nghĩa: như mọi khi

Từ gần nghĩa: bình thường

Từ trái nghĩa: bất thường

Cụm từ thường dùng: như thường lệ","Theo thường lệ, chúng em chào cờ vào sáng thứ hai.

Cô giáo đến lớp như thường lệ.

Mọi việc diễn ra như thường lệ.",
139,"Bài 24:
Chiếc rễ đa tròn",ngoằn ngoèo,từ gợi tả dáng vẻ cong queo uốn lượn theo nhiều hướng khác nhau,đường cong nhiều hướng khác nhau,ngoằn ngoèo.png,, ngoằn ngoèo.mp4,,"Từ đồng nghĩa: quanh co

Từ gần nghĩa: uốn khúc

Từ trái nghĩa: thẳng tắp

Cụm từ thường dùng: đường đi ngoằn ngoèo","Con đường lên núi rất ngoằn ngoèo.

Dòng suối chảy ngoằn ngoèo.

Đường đi ngoằn ngoèo khó đi.",*
140,"Bài 24:
Chiếc rễ đa tròn",tần ngần,"Ở trạng thái do dự, chần chừ, chưa quyết định ngay vì còn suy nghĩ hoặc băn khoăn.","do dự, chần chừ",,,,,"Cụm từ: đứng tần ngần

Từ đồng nghĩa: do dự

Từ gần nghĩa: chần chừ

Từ trái nghĩa: quyết đoán

Cụm từ thường dùng: tần ngần một lúc","Cậu bé tần ngần trước cửa.

Bạn ấy tần ngần chưa dám nói.

Em tần ngần suy nghĩ một lúc.",*
141,"Bài 24:
Chiếc rễ đa tròn",chú cần vụ,"Người lính làm nhiệm vụ phục vụ, giúp đỡ sinh hoạt cho cán bộ trong quân đội.",người lính phục vụ sinh hoạt cho cán bộ,chú cần vụ.png,,,,"Cụm từ: chú cần vụ trong đơn vị

Từ gần nghĩa: người phục vụ

Từ trái nghĩa: người chỉ huy

Cụm từ thường dùng: chú cần vụ tận tụy","Chú cần vụ giúp đỡ mọi người trong đơn vị.

Chú cần vụ rất chăm chỉ.

Mọi người quý mến chú cần vụ.",*
142,"Bài 24:
Chiếc rễ đa tròn",ân cần,"Có thái độ quan tâm, chăm sóc, đối xử nhẹ nhàng và chu đáo.",Chăm sóc một cách nhẹ nhàng,,, ân cần.mp4,,"Cụm từ: lời nói ân cần

Từ đồng nghĩa: dịu dàng, chu đáo

Từ gần nghĩa: thân thiện

Từ trái nghĩa: lạnh nhạt

Cụm từ thường dùng: ân cần hỏi han","Cô giáo ân cần hỏi thăm học sinh.

Bà ân cần chăm sóc cháu.

Mọi người ân cần giúp đỡ nhau.",
143,"Bài 24:
Chiếc rễ đa tròn",thắc mắc,Có điều chưa hiểu rõ nên muốn được giải thích,có câu hỏi cần được trả lời,thắc mắc.png,,,,"Cụm từ: nêu thắc mắc

Từ đồng nghĩa: băn khoăn

Từ gần nghĩa: nghi vấn

Từ trái nghĩa: hiểu rõ

Cụm từ thường dùng: giải đáp thắc mắc","Em mạnh dạn nêu thắc mắc với cô giáo.

Cô giáo giải đáp thắc mắc cho học sinh.

Bạn Lan có nhiều thắc mắc về bài học.",
144,"Bài 24:
Chiếc rễ đa tròn",thiếu nhi,Trẻ em ở độ tuổi nhỏ.,trẻ em,thiếu nhi.png,,,,"Cụm từ: thiếu nhi Việt Nam

Từ đồng nghĩa: trẻ em

Từ gần nghĩa: trẻ nhỏ

Từ trái nghĩa: người lớn

Cụm từ thường dùng: thiếu nhi chăm ngoan","Tết Trung Thu là tết của Thiếu nhi

Thiếu nhi cần chăm chỉ học tập.

Các bạn thiếu nhi vui chơi trong công viên.

Thiếu nhi Việt Nam rất chăm ngoan.",
145,"Bài 25:
Đất nước chúng mình",thủ đô,Thủ đô là trung tâm hành chính của một quốc gia,Thủ đô là trung tâm hành chính của một quốc gia,thủ đô.jpg,,,,"Cụm từ: Thủ đô văn hiến
Từ đồng nghĩa: Kinh đô, kinh thành 
Từ gần nghĩa: kinh đô
Từ trái nghĩa: làng, xóm, thôn quê
Cụm từ thường dùng: Thủ đô Hà Nội",- Hà Nội là thủ đô của Việt Nam                                                                  - Thủ đô Hà Nội có nhiều di tích lịch sử nổi tiếng.,
146,"Bài 25:
Đất nước chúng mình",anh hùng,"- nhân vật thần thoại có sức mạnh và dũng khí phi thường, lập nên những kì tích đặc biệt (thường có trong truyện thần thoại Hi Lạp).
- người có tài năng và dũng khí hơn hẳn người thường, làm nên những việc được người đời ca tụng
","Anh hùng là người có sức mạnh, can đảm đối mặt với nguy hiểm",anh hùng.jpg,,,,"Cụm từ: anh hùng dân tộc
Từ đồng nghĩa: hào kiệt, dũng sĩ 
Từ gần nghĩa: dũng sĩ
Từ trái nghĩa: hèn nhát 
Cụm từ thường dùng: Anh hùng dân tộc",-Anh hùng dân tộc luôn được nhân dân kính trọng.                                                           - Anh hùng luôn hy sinh vì lẽ phải,
147,"Bài 25:
Đất nước chúng mình",rạng danh,"Là làm cho danh tiếng trở nên vẻ vang, được nhiều người biết đến và kính trọng.","Là làm cho danh tiếng trở nên vẻ vang, được nhiều người biết đến và kính trọng.",https://drive.google.com/file/d/18yEJk-yV-snxwLabnLUujz_6CV7e4ba9/view?usp=drivesdk,,,,"Cụm từ: rạng danh quê hương

Từ đồng nghĩa: rạng danh 

Từ gần nghĩa: nhộn nhịp

Từ trái nghĩa: bôi nhọ

Cụm từ thường dùng: Làm rạng danh quê hương, đất nước ",- Em sẽ cố gắng học hành để làm rạng danh quê hương đất nước.                                                                                          ,
148,"Bài 25:
Đất nước chúng mình",lịch sử,"Lịch sử là quá trình phát sinh, phát triển đã qua hay cho đến tiêu vong của một hiện tượng, một sự vật nào đó diễn ra theo thứ tự thời gian
","quá trình hình thành, phát triển và biến đổi của sự vật, hiện tượng theo thời gian",https://drive.google.com/file/d/1wrod2SNQoHSbfqDhh6k96ie-TnwbQD81/view?usp=sharing,,,,"Cụm từ: lịch sử
Từ đồng nghĩa: quá khứ, sử sách, sử liệu
Từ gần nghĩa: quá khứ
Từ trái nghĩa: hiện tại, tương lai
Cụm từ thường dùng: lịch sử dân tộc",- Lịch sử ghi lại quá khứ của dân tộc.                                                                                                                                    - Em yêu môn học Lịch sử,
149,"Bài 25:
Đất nước chúng mình",khí hậu,"tình hình chung về quy luật diễn biến của thời tiết ở một vùng, một miền","diễn biến của thời tiết ở một vùng, một miền",https://drive.google.com/file/d/1rKkWLNH9jYkmE1LGPSN8eeTjRnJlEqF2/view?usp=drivesdk,,,,"Cụm từ: Khí hậu nhiệt đới, khí hậu nóng ẩm

Từ đồng nghĩa: Thời tiết 

Từ gần nghĩa: Thời tiết 

Từ trái nghĩa: Không

Cụm từ thường dùng: Khí hậu nhiệt đới gió mùa","- Việt Nam có khí hậu nhiệt đới.                                                                                                                                           - Khí hậu nơi đây mát mẻ, dễ chịu.",
150,"Bài 25:
Đất nước chúng mình",truyền thống,"thói quen hình thành đã lâu đời trong lối sống và nếp nghĩ, được truyền lại từ thế hệ này sang thế hệ khác","thói quen lâu đời trong lối sống và nếp nghĩ, được truyền từ thế hệ này sang thế hệ khác.",https://drive.google.com/file/d/1N8HpW6xS5AJddwjXaBfewg_rMqllehaM/view?usp=drivesdk,,,,"Cụm từ: Truyền thống tốt đẹp
Từ đồng nghĩa: phong tục
Từ gần nghĩa: phong tục 
Từ trái nghĩa: 
Cụm từ thường dùng: Truyền thống dân tộc ",- Dân tộc Việt Nam có truyền thống tốt đẹp.                                                                                                                              - Yêu nước là truyền thống tốt đẹp của dân tộc ta.                                                                                                                       - Chúng ta cần phát huy truyền thống dân tộc.,
151,"Bài 26:
Trên các miền đất nước",tươi đẹp,"Là đẹp đẽ, rạng rỡ, tràn đầy sức sống, tạo cảm giác dễ chịu và vui tươi.","Đẹp đẽ, vui tươi, tạo cảm giác dễ chịu",https://drive.google.com/file/d/1Z0kVDgawX_EjBRhzLZPKOf_sz9EK-h67/view?usp=sharing,,,,"Cụm từ: tươi đẹp
Từ đồng nghĩa: xinh đẹp, rực rỡ, tốt đẹp
Từ gần nghĩa: rực rỡ
Từ trái nghĩa: xấu xí, u ám
Cụm từ thường dùng: tương lai tươi đẹp",- Quê hương em biết bao tươi đẹp.,
152,"Bài 26:
Trên các miền đất nước",ca dao,"Thơ ca do nhân dân sáng tác, được truyền miệng.","thơ ca dân gian truyền miệng, thường theo thể lục bát, dễ nhớ, dễ thuộc",ca dao.png,, ca dao.mp4,,"Cụm từ: ca dao dân ca
Từ đồng nghĩa: lời ca dân gian, thơ ca dân gian
Từ gần nghĩa: ca dao
Từ trái nghĩa: (không có từ trái nghĩa trực tiếp)
Cụm từ thường dùng: những câu ca dao dân ca",- Em rất thích nghe bà kể ca dao mỗi tối.                                               - Những câu ca dao giúp em hiểu thêm về cuộc sống và con người Việt Nam.,*
153,"Bài 26:
Trên các miền đất nước",Vua Hùng," Vua Hùng là cách gọi dành cho các vị vua nước Văn Lang của người Lạc Việt, tồn tại vào khoảng thế kỷ VII đến thế kỷ II trước Công nguyên (TCN)."," Vua Hùng là cách gọi dành cho các vị vua nước Văn Lang của người Lạc Việt, tồn tại vào khoảng thế kỷ VII đến thế kỷ II trước Công nguyên (TCN).",vua Hùng.png,,,,"Cụm từ: Vua Hùng
Từ đồng nghĩa: Hùng Vương                                                                                                                                                                                                                                Từ gần nghĩa: thời đại Hùng Vương
Từ trái nghĩa: (không có từ trái nghĩa trực tiếp)
Cụm từ thường dùng: thời đại Hùng Vương",- Vua Hùng có công dựng nước Văn Lang.                                                                                                                      - Nhân dân tưởng nhớ công lao vua Hùng.,
154,"Bài 26:
Trên các miền đất nước",tranh họa đồ,"tranh vẽ cảnh vật, sông núi.","tranh vẽ cảnh vật, sông núi.",https://drive.google.com/file/d/1quf5uufHSOPFbJn5WkeIMOPKUl1BFv-L/view?usp=drive_link,,,,"Cụm từ: tranh họa đồ
Từ đồng nghĩa: tranh minh họa, tranh vẽ
Từ gần nghĩa: tranh minh họa
Từ trái nghĩa: (không có từ trái nghĩa trực tiếp)
Cụm từ thường dùng: tranh họa đồ trong sách",- Cô giáo dùng tranh hoạ đồ để giảng bài.                                                                                                                                 - Tranh hoạ đồ rực rỡ và nhiều màu sắc.,*
155,"Bài 26:
Trên các miền đất nước",khám phá,"tìm ra, phát hiện ra cái còn ẩn giấu, cái bí mật.","tìm tòi, phát hiện ra cái mới",https://drive.google.com/file/d/1FBHQZTl_1zvrj88JaCQgbP0eo2nM7cwh/view?usp=drive_link,,,,"Cụm từ: khám phá
Từ đồng nghĩa: phát hiện, tìm ra, phát kiến
Từ gần nghĩa: phát hiện
Từ trái nghĩa: che giấu, bỏ qua
Cụm từ thường dùng: khám phá thế giới","- Chúng em khám phá thiên nhiên.

- Bé thích khám phá xung quanh.",
156,"Bài 26:
Trên các miền đất nước",mến thương,"có tình cảm yêu thương, gắn bó",có tình cảm yêu thương,https://drive.google.com/file/d/1TwbZ8joPedZREGGe0_mYONwfhrFVqA2y/view?usp=drive_link,,,,"Cụm từ: mến thương
Từ đồng nghĩa: yêu thương, quý mến, thương yêu
Từ gần nghĩa: yêu thương
Từ trái nghĩa: ghét bỏ, căm ghét
Cụm từ thường dùng: tình cảm mến thương",- Em mến thương bạn bè.                                                                                   - Mọi người phải luôn mến thương nhau,
157,"Bài 27:
Chuyện quả bầu",con dúi,"Loài thú nhỏ, ăn củ và rễ cây, sống trong hang đất","Loài thú nhỏ, ăn củ và rễ cây, sống trong hang đất",https://drive.google.com/file/d/1OxouBsKBuWSOCu4LzQe7YtKO2p4fi7bo/view?usp=drive_link,,,,"Cụm từ: con dúi
Từ đồng nghĩa: dúi, chuột dúi
Từ gần nghĩa: chuột rừng
Từ trái nghĩa: (không có từ trái nghĩa trực tiếp)
Cụm từ thường dùng: con dúi trong rừng ","- Con dúi đào hang sâu để trú ẩn và kiếm thức ăn.
- Em nhìn thấy con dúi chạy nhanh vào bụi tre.
- Con dúi là loài động vật sống chủ yếu ở rừng núi.",*
158,"Bài 27:
Chuyện quả bầu",thương tình,chạnh lòng thương cảm một cách sâu sắc trước tình cảnh của người nào đó,thương cảm với hoàn cảnh của người khác,https://drive.google.com/file/d/1TwbZ8joPedZREGGe0_mYONwfhrFVqA2y/view?usp=drive_link,,,,"Cụm từ: thương tình
Từ đồng nghĩa: thương xót, cảm thương, động lòng
Từ gần nghĩa: thương xót
Từ trái nghĩa: thờ ơ, lạnh lùng
Cụm từ thường dùng: xin thương tình giúp đỡ",- Mọi người thương tình giúp đỡ em nhỏ.                                                                                                                                - Mọi người thương tình tha lỗi cho em.,
159,"Bài 27:
Chuyện quả bầu",nương,"(1) đất trồng trọt trên vùng đồi, núi hoặc bãi ven sông                                                                              
(2) dựa vào để có được sự che chở, giúp đỡ","(1) đất trồng trọt trên vùng đồi, núi hoặc bãi ven sông                                                                              (2) dựa vào để có được sự che chở, giúp đỡ",https://drive.google.com/file/d/1bqGhoYQ8YogK5LWTTHYf1b4R9oUMwv4Z/view?usp=drive_link,,,,"Cụm từ: nương
Từ đồng nghĩa: dựa, nhờ, tựa, nương rẫy
Từ gần nghĩa: dựa, nương rẫy
Từ trái nghĩa: chống lại, tự lập
Cụm từ thường dùng: nương tựa lẫn nhau, làm nương rẫy",- Lúa trên nương đã chín vàng .                                                                                                                                          - Chị em nương tựa lẫn nhau.,*
160,"Bài 27:
Chuyện quả bầu",lũ lụt,"Lũ lụt là một loại thiên tai xảy ra do hiện tượng nước trong sông, suối, hồ tràn ngập một vùng đất.","hiện tượng nước sông, suối, hồ tràn ngập đất liền.",https://drive.google.com/file/d/1DtYNjzNs89J41RcOlf6CVrcXLNF2GZrN/view?usp=sharing,,,,"Cụm từ: lũ lụt
Từ đồng nghĩa: ngập lụt, lụt lội
Từ gần nghĩa: ngập nước
Từ trái nghĩa: hạn hán
Cụm từ thường dùng: thiên tai lũ lụt",- Lũ lụt gây nhiều hậu quả nặng nề.                                                                                                                          - Người dân phòng tránh lũ lụt.,
161,"Bài 27:
Chuyện quả bầu",mênh mông,Mênh mông là rộng lớn tới mức không có giới hạn,"Rộng lớn, bao la",https://drive.google.com/file/d/19lkErGQaVD1Vx2ZEnebreaCxsOh3zkNU/view?usp=sharing,,,,"Cụm từ: mênh mông
Từ đồng nghĩa: bát ngát, bao la, rộng lớn
Từ gần nghĩa: bát ngát
Từ trái nghĩa: chật hẹp, nhỏ bé
Cụm từ thường dùng: cánh đồng mênh mông",- Cánh đồng lúa mênh mông.                                                                                                                                                       - Núi rừng mênh mông hùng vĩ.,
162,"Bài 27:
Chuyện quả bầu",thoát nạn,Vượt qua khỏi nguy hiểm,vượt khỏi nguy hiểm,https://drive.google.com/file/d/18eLhh9Xa9iGrgVt1xQ4uIfkLDFGCVUPd/view?usp=sharing,,,,"Cụm từ: thoát nạn
Từ đồng nghĩa: thoát hiểm, tránh nạn, thoát khỏi nguy hiểm
Từ gần nghĩa: thoát hiểm
Từ trái nghĩa: gặp nạn, mắc nạn
Cụm từ thường dùng: may mắn thoát nạn","- Chú mèo may mắn thoát nạn trong đám cháy.                                                                                                                - Nhờ mọi người giúp đỡ, tôi đã may mắn thoát nạn.",
163,"Bài 27:
Chuyện quả bầu",lao xao,"có nhiều âm thanh hoặc tiếng động nhỏ rộn lên xen lẫn vào nhau, nghe không rõ, không đều","nhiều âm thanh nhỏ vang lên rộn ràng, xen lẫn nhau, nghe không rõ từng tiếng",,, lao xao.mp4,,"Cụm từ: lao xao
Từ đồng nghĩa: xào xạc, rì rào, xôn xao
Từ gần nghĩa: xôn xao
Từ trái nghĩa: yên ắng, im lặng
Cụm từ thường dùng: lá cây lao xao",- Gió thổi làm lá lao xao.                                                                                                               - Ngoài sân vang lên tiếng lao xao.,
164,"Bài 27:
Chuyện quả bầu",lần lượt,(làm việc gì) theo thứ tự trước sau cho đến hết,Theo trình tự,https://drive.google.com/file/d/1iJZ6Y9FLivx5-HVWaZA6acYavJR21Rgn/view?usp=drive_link,,,,"Cụm từ: lần lượt
Từ đồng nghĩa: kế tiếp, tiếp theo, nối tiếp
Từ gần nghĩa: tiếp theo
Từ trái nghĩa: đồng loạt, cùng lúc
Cụm từ thường dùng: lần lượt bước vào",- Các bạn học sinh lần lượt xếp hàng vào lớp.                                                                                                    - Khách hàng lần lượt ra về.,
165,"Bài 27:
Chuyện quả bầu",tổ tiên,Những người đầu tiên sinh ra một dòng họ hoặc một dân tộc,Tổ tiên là những người thuộc các thế hệ trước của một dòng họ hoặc một dân tộc,https://drive.google.com/file/d/16V9XI3TH3DuV0hChZDqjP7_r4Oq4KOAJ/view?usp=drive_link,,,,"Cụm từ: tổ tiên
Từ đồng nghĩa: ông cha, tiền nhân, cha ông
Từ gần nghĩa: ông cha
Từ trái nghĩa: con cháu, hậu duệ
Cụm từ thường dùng: công lao tổ tiên",- Con cháu luôn ghi nhớ công lao của tổ tiên.                                                        - Mỗi người đều có tổ tiên của mình.,*
166,"Bài 27:
Chuyện quả bầu",dân tộc,"Dân tộc là nhóm xã hội, cộng đồng người có chung bản sắc dân tộc, thường gắn liền với nhà nước, có thể bao hàm nhiều nhóm sắc tộc khác nhau.","Dân tộc là cộng đồng người có chung bản sắc và lịch sử, thường gắn với một quốc gia và có thể gồm nhiều nhóm sắc tộc khác nhau.",https://drive.google.com/file/d/10YwPCVMlz6WlwduTPwvvHFetntQREhwM/view?usp=drive_link,,,,"Cụm từ: dân tộc
Từ đồng nghĩa: quốc gia, giống nòi
Từ gần nghĩa: giống nòi
Từ trái nghĩa: (không có từ trái nghĩa trực tiếp)
Cụm từ thường dùng: truyền thống dân tộc",- Dân tộc Việt Nam có lịch sử lâu đời.                                           - Mỗi dân tộc đều có bản sắc riêng.,
167,"Bài 28:
Khám phá đáy biển ở Trường Sa",Trường Sa,"Trường Sa là một tập hợp các thực thể địa lý được bao quanh bởi những vùng ngư nghiệp trù phú đồng thời sở hữu trữ lượng dầu mỏ, khí đốt lớn thuộc biển Đông. ","Trường Sa là được bao quanh bởi những vùng ngư nghiệp trù phú, sở hữu trữ lượng dầu mỏ, khí đốt lớn thuộc biển Đông. ",https://drive.google.com/file/d/19j7BTU0OQNfJBW7SR2fEpEbRch_HW-uL/view?usp=drive_link,,,,"Cụm từ: Trường Sa
Từ đồng nghĩa: quần đảo Trường Sa
Từ gần nghĩa: quần đảo
Từ trái nghĩa: (không có từ trái nghĩa trực tiếp)
Cụm từ thường dùng: quần đảo Trường Sa",- Trường Sa là quần đảo của Việt Nam.                                                                                                                                           - Các chiến sĩ  ngày đêm canh giữ quần đảo  Trường Sa.,
168,"Bài 28:
Khám phá đáy biển ở Trường Sa",kì thú,"Kì thú là lạ lùng, hấp dẫn, gây thích thú và tò mò cho người xem hoặc người nghe.","lạ  lùng, hấp dẫn, gây thích thú và tò mò cho người xem hoặc người nghe.",https://drive.google.com/file/d/1C5o0o6kF3km32mMHa3mFd8YYG_AmhL58/view?usp=sharing,,,,"Cụm từ: kì thú
Từ đồng nghĩa: kì lạ, thú vị, độc đáo
Từ gần nghĩa: thú vị
Từ trái nghĩa: tẻ nhạt, nhàm chán
Cụm từ thường dùng: cảnh đẹp kì thú","- Chuyến tham quan ấy thật kì thú.
– Thế giới thiên nhiên có nhiều điều kì thú",
169,"Bài 28:
Khám phá đáy biển ở Trường Sa",thám hiểm,Thám hiểm là đi vào vùng xa lạ hoặc hiểm trở để khám phá những điều mới lạ.,"Thám hiểm là đi đến những nơi xa lạ, hiểm trở để khám phá và tìm hiểu.",https://drive.google.com/file/d/1FBHQZTl_1zvrj88JaCQgbP0eo2nM7cwh/view?usp=drive_link,,,,"Cụm từ: thám hiểm
Từ đồng nghĩa: khám phá, dò tìm, khảo sát
Từ gần nghĩa: khám phá
Từ trái nghĩa: bỏ qua, tránh né
Cụm từ thường dùng: chuyến đi thám hiểm",- Chúng em thích thám hiểm thiên nhiên.                             - Nhà khoa học thám hiểm Bắc Cực.,*
170,"Bài 28:
Khám phá đáy biển ở Trường Sa",thú vị,"Tạo nên sự thích thú vị, vui thích",Là sự thích thú,https://drive.google.com/file/d/1C5o0o6kF3km32mMHa3mFd8YYG_AmhL58/view?usp=sharing,,,,"Cụm từ: thú vị
Từ đồng nghĩa: hấp dẫn, lí thú, kì thú
Từ gần nghĩa: hấp dẫn
Từ trái nghĩa: nhàm chán, tẻ nhạt
Cụm từ thường dùng: câu chuyện thú vị",- Câu chuyện cô giáo kể thật thú vị                                                                          - Cuộc trò chuyện ấy thú vị bất ngờ.,
171,"Bài 28:
Khám phá đáy biển ở Trường Sa",rực rỡ,"Có màu sắc tươi sáng đẹp đẽ và nổi bật hẳn lên, làm cho ai cũng phải chú ý","Màu sắc tươi sáng, nổi bật",https://drive.google.com/file/d/1J0YF8tAbyIn8FOj2xV1kZ0cm-id32e4y/view?usp=sharing,,,,"Cụm từ: rực rỡ
Từ đồng nghĩa: tươi sáng, chói lọi, rạng rỡ
Từ gần nghĩa: rạng rỡ
Từ trái nghĩa: u ám, tối tăm
Cụm từ thường dùng: hoa nở rực rỡ",- Vườn hoa rực rỡ sắc màu.                        - Pháo hoa rực rỡ trên bầu trời đêm.,
172,"Bài 28:
Khám phá đáy biển ở Trường Sa",dày đặc,"Rất dày, rất sít, như không còn kẽ hở","Rất dày, rất sít như không có kẽ hở",https://drive.google.com/file/d/1zVoFifyDDfaEJ0Omu8gxY0Dhx4xVaS07/view?usp=sharing,,,,"Cụm từ: dày đặc
Từ đồng nghĩa: dày kín, ken dày, đặc kín
Từ gần nghĩa: dày kín
Từ trái nghĩa: thưa thớt, rải rác
Cụm từ thường dùng: cây cối mọc dày đặc",- Sương mù dày đặc vào sáng sớm.                                                   - Mây dày đặc che kín bầu trời.       ,
173,"Bài 28:
Khám phá đáy biển ở Trường Sa",di động,"chuyển động, thay đổi vị trí ","chuyển động, thay đổi vị trí ",https://drive.google.com/file/d/17EFJcTP7-Po3v6vAXmBReW0q-tsmK7s3/view?usp=sharing,,,,"Cụm từ: di động
Từ đồng nghĩa: lưu động, chuyển động, di chuyển
Từ gần nghĩa: lưu động
Từ trái nghĩa: cố định, bất động
Cụm từ thường dùng: điện thoại di động ",- Điện thoại di đông rất tiện lợi.                                             - Chiếc xe đang di động trên đường.,
174,"Bài 28:
Khám phá đáy biển ở Trường Sa",san hô,"đông vật biển, có bộ xương dạng cánh hoa, nhiều màu sắc","đông vật biển, có bộ xương dạng cánh hoa, nhiều màu sắc",https://drive.google.com/file/d/1Vzc_shbdDcv3f-2qgejj27FauN3--a27/view?usp=drive_link,,,,"Cụm từ: san hô
Từ đồng nghĩa: đá san hô
Từ gần nghĩa: rạn san hô
Từ trái nghĩa: (không có từ trái nghĩa trực tiếp)
Cụm từ thường dùng: rạn san hô ",- San hô sống dưới biển.                                                            - Rạn san hô rất đẹp,*
175,"Bài 28:
Khám phá đáy biển ở Trường Sa",khổng lồ,"có kích thước, quy mô, khối lượng lớn gấp nhiều lần so với bình thường","rất to, lớn",https://drive.google.com/file/d/1iR71igM4eOj-zAc5yn94-HsIZJDzTAhv/view?usp=drive_link,,,,"Cụm từ: khổng lồ
Từ đồng nghĩa: to lớn, đồ sộ, vĩ đại
Từ gần nghĩa: to lớn
Từ trái nghĩa: nhỏ bé, tí hon
Cụm từ thường dùng: con cá khổng lồ ",- Con cá voi khổng lồ bơi dưới biển.                                                               - Quả bóng khổng lồ bay trên trời.,
176,"Bài 28:
Khám phá đáy biển ở Trường Sa",thân yêu,yêu quý và thân thiết,yêu quý và thân thiết,https://drive.google.com/file/d/1TwbZ8joPedZREGGe0_mYONwfhrFVqA2y/view?usp=drive_link,,,,"Cụm từ: thân yêu
Từ đồng nghĩa: yêu quý, thân thương, trìu mến
Từ gần nghĩa: thân thương
Từ trái nghĩa: xa lạ, ghét bỏ
Cụm từ thường dùng: bạn bè thân yêu ",- Mái trường thân yêu của em.                                                                                                                                                                       - Bạn bè thân yêu giúp đỡ nhau.,
177,"Bài 29: 
Hồ Gươm",Hồ Gươm,"là một hồ nước nổi tiếng ở trung tâm Hà Nội, gắn liền với truyền thuyết vua Lê Lợi trả gươm báu cho Rùa Thần, nên còn gọi là Hồ Hoàn Kiếm. Hồ là biểu tượng lịch sử, văn hóa của Thủ đô, nơi có các công trình như Đền Ngọc Sơn, cầu Thê Húc, Tháp Rùa",Hồ Hoàn Kiếm,anh-ho-guom.jpg,,,,"Cụm từ: Hồ Gươm
Từ đồng nghĩa: Hồ Hoàn Kiếm
Từ gần nghĩa: hồ nước
Từ trái nghĩa: (không có từ trái nghĩa trực tiếp)
Cụm từ thường dùng: Hồ Hoàn Kiếm thơ mộng",- Hồ Gươm rất đẹp và yên bình.,*
178,"Bài 29: 
Hồ Gươm",bầu dục,"Chỉ hình dạng giống quả trứng, thuôn dài, tròn ở hai đầu.","Chỉ hình dạng giống quả trứng, thuôn dài, tròn ở hai đầu.",https://drive.google.com/file/d/1JDNlRNoU3q-0vwrzQzxrCzHCB9LMqeqL/view?usp=sharing,,,,"Cụm từ: bầu dục
Từ đồng nghĩa: hình ôvan, hình trứng
Từ gần nghĩa: hình quả trứng
Từ trái nghĩa: hình tròn, hình vuông
Cụm từ thường dùng: hình bầu dục ","- Quả trứng có hình bầu dục.
- Chiếc gương bầu dục treo trên tường.",
179,"Bài 29: 
Hồ Gươm",long lanh,"có ánh sáng phản chiếu trên vật trong suốt, tạo vẻ trong sáng, sinh động","ánh sáng sáng, trong suốt",long lanh.jpg,,,,"Cụm từ: long lanh
Từ đồng nghĩa: lấp lánh, lung linh, óng ánh
Từ gần nghĩa: lấp lánh
Từ trái nghĩa: mờ đục, tối xỉn
Cụm từ thường dùng: đôi mắt long lanh",- Cô ấy có đôi mắt sáng long lanh.                                                                                                                                                             - Giọt sương long lanh trên lá.,
180,"Bài 29: 
Hồ Gươm",Cầu Thê Húc,"Cầu Thê Húc là cây cầu gỗ sơn màu đỏ, bắc qua hồ Hoàn Kiếm (Hồ Gươm), dùng để nối bờ hồ với đền Ngọc Sơn, nằm ở thành phố Hà Nội.","Cầu Thê Húc là cây cầu gỗ sơn màu đỏ, bắc qua hồ Hoàn Kiếm (Hồ Gươm), dùng để nối bờ hồ với đền Ngọc Sơn, nằm ở thành phố Hà Nội.",cau_the_huc_ha_noi_ho_guom__.jpg,,,,"Cụm từ: Cầu Thê Húc
Từ đồng nghĩa: (không có từ đồng nghĩa trực tiếp)
Từ gần nghĩa: cây cầu
Từ trái nghĩa: (không có từ trái nghĩa trực tiếp)
Cụm từ thường dùng: Cầu Thê Húc đỏ son","- Mọi người đi qua cầu Thê Húc để vào đền.
- Cầu Thê Húc bắc qua hồ Hoàn Kiếm.",
181,"Bài 29: 
Hồ Gươm",đền Ngọc Sơn,"Đền Ngọc Sơn là một ngôi đền nằm trên đảo Ngọc, giữa hồ Hoàn Kiếm (Hồ Gươm), thuộc thành phố Hà Nội, là di tích lịch sử – văn hóa nổi tiếng, nơi thờ các nhân vật lịch sử và anh hùng dân tộc.","Đền Ngọc Sơn là một ngôi đền nằm trên đảo Ngọc, giữa hồ Hoàn Kiếm (Hồ Gươm), thuộc thành phố Hà Nội, là di tích lịch sử – văn hóa nổi tiếng, nơi thờ các nhân vật lịch sử và anh hùng dân tộc.",den-ngoc-son-1_1676825934.jpg,,,,"Cụm từ: đền Ngọc Sơn
Từ đồng nghĩa: (không có từ đồng nghĩa trực tiếp)
Từ gần nghĩa: ngôi đền
Từ trái nghĩa: (không có từ trái nghĩa trực tiếp)
Cụm từ thường dùng: Đền Ngọc Sơn cổ kính ","- Nhiều người đến thăm đền Ngọc Sơn.
-Đền Ngọc Sơn là một nơi linh thiêng.",
182,"Bài 29: 
Hồ Gươm",lấp ló,"ló ra rồi khuất đi, khi ẩn khi hiện liên tiếp",Lúc ẩn lúc hiện,lấp ló.webp,,*,,"Cụm từ: lấp ló
Từ đồng nghĩa: thấp thoáng, he hé, ẩn hiện
Từ gần nghĩa: ẩn hiện
Từ trái nghĩa: lộ rõ, hiện rõ, phô bày
Cụm từ thường dùng: ngọn núi lấp ló sau mây","- Mặt trời lấp ló sau rặng núi.
– Chú mèo lấp ló sau cánh cửa.",
183,"Bài 29: 
Hồ Gươm",xum xuê,"Chỉ trạng thái mọc hoặc có rất nhiều, dày đặc, sum suê, thường dùng để nói về cây cối, cành lá, hoa quả.","Mọc nhiều, dày, che kín (thường nói về cây cối, cành lá).",xum xuê.jpg,,,,"Cụm từ: xum xuê
Từ đồng nghĩa: sum suê, um tùm, rậm rạp
Từ gần nghĩa: rậm rạp
Từ trái nghĩa: thưa thớt, trơ trụi
Cụm từ thường dùng: cây cối xum xuê ","- Vườn cây xum xuê lá xanh.
– Hàng tre xum xuê trước nhà.",
184,"Bài 29: 
Hồ Gươm",Tháp Rùa,"Tháp Rùa là một công trình kiến trúc nhỏ nằm trên gò đất giữa hồ Hoàn Kiếm (Hồ Gươm), ở thành phố Hà Nội, được xây dựng vào thế kỉ XIX, là biểu tượng lịch sử – văn hóa của Thủ đô.","Tháp Rùa là một công trình kiến trúc nhỏ nằm trên gò đất giữa hồ Hoàn Kiếm (Hồ Gươm), ở thành phố Hà Nội, là biểu tượng lịch sử – văn hóa của Thủ đô.",https://drive.google.com/file/d/16dR_HE24uY6mHrb30fWxwzZx3lzjy7CL/view?usp=sharing,,,,"Cụm từ: Tháp Rùa
Từ đồng nghĩa: (không có từ đồng nghĩa trực tiếp)
Từ gần nghĩa: tháp cổ
Từ trái nghĩa: (không có từ trái nghĩa trực tiếp)
Cụm từ thường dùng: Tháp Rùa cổ kính ",- Du khách thích tham quan Tháp Rùa.                                                                                                                                  - Du khách thích tham quan Tháp Rùa.,
185,"Bài 29: 
Hồ Gươm",cổ kính,cổ và có vẻ trang nghiêm,cổ và trang nghiêm,https://drive.google.com/file/d/11QdOaxl5RJvmdmFW67AsrLj1iqswzcdq/view?usp=sharing,,,,"Cụm từ: cổ kính
Từ đồng nghĩa: cổ xưa, cổ lão, xưa cũ
Từ gần nghĩa: cổ xưa
Từ trái nghĩa: hiện đại, mới mẻ
Cụm từ thường dùng: ngôi chùa cổ kính",- Phố cổ mang vẻ đẹp cổ kính.                                                                                                                                                  - Ngôi đến trang nghiêm và cổ kính.,*
186,"Bài 29: 
Hồ Gươm",ngân nga,(âm thanh) ngân như kéo dài mãi,âm thanh kéo dài ,,,https://drive.google.com/file/d/1yYECBpO2cY2zkoi2xwju5Gef74BLP2tQ/view?usp=drivesdk,,"Cụm từ: ngân nga
Từ đồng nghĩa: du dương, trầm bổng, vang vọng
Từ gần nghĩa: du dương
Từ trái nghĩa: chói tai, ồn ào
Cụm từ thường dùng: tiếng hát ngân nga","- Em ngân nga một bài hát.
– Tiếng chim ngân nga buổi sáng.",
187,"Bài 30: 
Cánh đồng quê em",vầng dương,mặt trời,mặt trời,mặt trời.jpg,,,,"Cụm từ: vầng dương
Từ đồng nghĩa: mặt trời, thái dương
Từ gần nghĩa: mặt trời
Từ trái nghĩa: bóng tối, đêm tối
Cụm từ thường dùng: vầng dương rực rỡ","- Vầng dương đỏ rực lúc bình minh.
– Vầng dương tỏa nắng ấm áp.",
188,"Bài 30: 
Cánh đồng quê em",kim cương,"carbon ở dạng tinh thể óng ánh, rất cứng, dùng để cắt kính, làm đồ trang sức","carbon ở dạng tinh thể óng ánh, rất cứng, dùng để cắt kính, làm đồ trang sức",diamonds-8532020_1920.jpg,,,,"Cụm từ: kim cương
Từ đồng nghĩa: hột xoàn
Từ gần nghĩa: đá quý
Từ trái nghĩa: đá thường, đá sỏi
Cụm từ thường dùng: viên kim cương 💎",- Kim cương rất quý hiếm và đắt đỏ .                                                                                                                                - Chiếc nhẫn đó được làm bằng kim cương sáng lấp lánh.,
189,"Bài 30: 
Cánh đồng quê em",lấp lánh,"có ánh sáng phản chiếu không liên tục, nhưng đều đặn, vẻ sinh động
","Có ánh sáng phản chiếu, long lanh, đẹp và hấp dẫn",https://drive.google.com/file/d/1YICN2pp_0soK8h6oYYfOLYKZ38NG5hfz/view?usp=sharing,,,,"Cụm từ: ánh sao lấp lánh
Từ đồng nghĩa: lung linh, long lanh, óng ánh
Từ gần nghĩa: lung linh
Từ trái nghĩa: đen xì, tối om
Cụm từ thường dùng: sáng lấp lánh ","- Ánh sao lấp lánh trên trời.
– Dòng sông lấp lánh dưới nắng.",
190,"Bài 30: 
Cánh đồng quê em",ban mai,"buổi sáng, lúc sáng sớm",Lúc sáng sớm,https://drive.google.com/file/d/1lSED-G4v8FY6cHY5Mpl-pf8E1LsK2XxF/view?usp=drive_link,,,,"Cụm từ: ánh ban mai
Từ đồng nghĩa: bình minh, rạng đông, tảng sáng
Từ gần nghĩa: bình minh
Từ trái nghĩa: hoàng hôn, chiều tà
Cụm từ thường dùng: ánh ban mai",- Nắng ban mai dịu nhẹ.                                                                                                                                                      - Ban mai gọi ngày mới.,
191,"Bài 30: 
Cánh đồng quê em",hiền hòa,hiền lành và ôn hoà ,hiền lành và ôn hoà,,, hiền hoà.mp4,,"Cụm từ: hiền hòa
Từ đồng nghĩa: hiền lành, dịu dàng, ôn hòa
Từ gần nghĩa: hiền lành
Từ trái nghĩa: dữ dằn, hung dữ
Cụm từ thường dùng: gương mặt hiền hòa ",- Quê em có dòng sông hiền hoà.                                - Ánh mắt mẹ hiền hoà.,
192,"Bài 30: 
Cánh đồng quê em",dập dờn,"chuyển động lúc lên lúc xuống, lúc ẩn lúc hiện, lúc gần lúc xa nối tiếp nhau liên tiếp và nhịp nhàng",Chuyển động lúc ẩn lúc hiện,,, dập dờn.mp4,,"Cụm từ: dập dờn
Từ đồng nghĩa: nhấp nhô, chập chờn, lượn sóng
Từ gần nghĩa: nhấp nhô
Từ trái nghĩa: đứng yên, bất động
Cụm từ thường dùng: sóng nước dập dờn","- Sóng biển dập dờn ngoài khơi.
– Ánh đèn dập dờn trong đêm.",
193,"Bài 30: 
Cánh đồng quê em",chiền chiện,"chim cỡ nhỏ hơn chim sẻ, thường sống ở ruộng, bãi quang đãng, khi hót thường bay bổng lên cao.","loài chim cỡ nhỏ, thường sống ở ruộng, bãi quang đãng",chim chiền chiện,,,,"Cụm từ: chim chiền chiện
Từ đồng nghĩa: chim sơn ca, chim hót
Từ gần nghĩa: họa mi
Từ trái nghĩa: (không có từ trái nghĩa trực tiếp)
Cụm từ thường dùng: tiếng hoạ mi hót líu lo","- Chim chiền chiện hót trên cánh đồng.
– Tiếng chiền chiện vang giữa trời xanh.",
194,"Bài 30: 
Cánh đồng quê em",tích ri tích rích,tiếng kêu nhỏ liên tiếp của chim chiền chiện,Tiếng kêu của chim chiền chiện,,, tích ri tích rích.mp4,,"Cụm từ: tích ri tích rích
Từ đồng nghĩa: líu lo, ríu rít, lích chích
Từ gần nghĩa: ríu rít
Từ trái nghĩa: im lặng, yên ắng
Cụm từ thường dùng: chim hót tích ri tích rích",- Con chim chiền chiện kêu tích ri tích rích,
195,"Bài 30: 
Cánh đồng quê em",ngân nga,(âm thanh) ngân như kéo dài mãi,âm thanh kéo dài,,*,https://drive.google.com/file/d/1yYECBpO2cY2zkoi2xwju5Gef74BLP2tQ/view?usp=drivesdk,,"Cụm từ: ngân nga
Từ đồng nghĩa: du dương, trầm bổng, vang vọng
Từ gần nghĩa: du dương
Từ trái nghĩa: chói tai, ồn ào
Cụm từ thường dùng: tiếng hát ngân nga",- Cô bé ngân nga câu hát quen  thuộc.                                                                                                                           - Chim hót ngân nga buổi sớm.,
196,"Bài 30: 
Cánh đồng quê em",mênh mông,rộng lớn đến mức như không có giới hạn,"Rất rộng lớn, bao la",rita2000-wheat-9666681_1920.jpg,,,,"Cụm từ: mênh mông
Từ đồng nghĩa: bát ngát, bao la, rộng lớn
Từ gần nghĩa: bao la
Từ trái nghĩa: chật hẹp, nhỏ bé
Cụm từ thường dùng: biển rộng mênh mông",- Cánh đồng lúa mênh mông.                                                                                                                                             - Sa mạc mênh mông cát trắng.,
